ALB,BET,DOL,LAG,NoF,OTHER,SHARK,YFT,image
1.0,0.0,0.0,0.0,0.0,1.2424973481655163e-18,0.0,0.0,img_01366.jpg
0.0,0.00031653919722884893,5.639324519446386e-35,9.778722552032415e-37,0.9996834993362427,0.0,0.0,0.0,img_06099.jpg
0.0,0.0,0.0,0.0,0.0,0.0,0.0,1.0,img_00889.jpg
1.0,0.0,0.0,0.0,0.0,0.0,0.0,0.0,img_02077.jpg
0.0,0.0,0.0,0.0,1.0,0.0,0.0,0.0,img_06489.jpg
3.046217005935834e-20,2.8835156595680476e-36,2.3881249559099512e-33,5.997382096128896e-33,1.9457877173924706e-33,0.0,0.0,1.0,img_04885.jpg
1.0,0.0,3.06303617619472e-32,2.876935132367452e-28,8.836929669723781e-23,3.7825853560491396e-12,0.0,0.0,img_05672.jpg
0.0,0.0,0.0,0.0,1.0,0.0,0.0,0.0,img_03867.jpg
1.0,0.0,0.0,0.0,4.9556443087507995e-33,0.0,0.0,0.0,img_04740.jpg
0.7538264393806458,1.1230612375074444e-37,3.422948956209302e-38,1.924980193165407e-35,2.7119427831490073e-37,0.0,0.0,0.24617356061935425,img_05293.jpg
1.0,0.0,0.0,0.0,0.0,0.0,0.0,0.0,img_02384.jpg
1.0,0.0,0.0,0.0,0.0,0.0,0.0,0.0,img_06916.jpg
0.0,0.0,0.0,0.0,0.0,0.0,0.0,1.0,img_04390.jpg
5.4612272037957155e-08,1.0318976247267399e-36,3.614445639929153e-38,0.0,0.0,0.0,0.0,1.0,img_05580.jpg
1.0,0.0,0.0,0.0,0.0,0.0,0.0,0.0,img_06475.jpg
1.0,0.0,0.0,0.0,0.0,0.0,0.0,0.0,img_04661.jpg
1.0,0.0,0.0,0.0,0.0,0.0,0.0,0.0,img_06302.jpg
0.0,0.0,0.0,0.0,0.0,0.0,0.0,1.0,img_00927.jpg
1.0,0.0,0.0,0.0,0.0,0.0,0.0,0.0,img_07448.jpg
1.0,0.0,0.0,0.0,0.0,0.0,0.0,0.0,img_00757.jpg
1.0,0.0,0.0,0.0,0.0,0.0,0.0,0.0,img_01548.jpg
5.677368560287588e-16,0.0,0.0,0.0,0.0,0.0,0.0,1.0,img_01059.jpg
1.0,0.0,0.0,0.0,1.3750069662255234e-37,0.0,0.0,0.0,img_00959.jpg
1.0,0.0,0.0,0.0,0.0,0.0,0.0,0.0,img_05269.jpg
2.7575721261996478e-08,0.0,0.0,6.876303286497524e-38,1.0,0.0,0.0,4.584353538864507e-20,img_02216.jpg
0.0,0.0,0.0,0.0,1.0,0.0,0.0,0.0,img_01208.jpg
1.0,0.0,0.0,0.0,0.0,0.0,0.0,0.0,img_05068.jpg
1.0,0.0,0.0,0.0,0.0,0.0,0.0,0.0,img_06001.jpg
1.0,0.0,0.0,0.0,0.0,0.0,0.0,0.0,img_01142.jpg
1.0,0.0,0.0,0.0,0.0,0.0,0.0,0.0,img_02943.jpg
1.0,0.0,0.0,0.0,0.0,0.0,0.0,0.0,img_05989.jpg
1.0,0.0,0.0,0.0,0.0,0.0,0.0,0.0,img_02656.jpg
0.0,0.0,0.0,0.0,1.0,0.0,0.0,0.0,img_03475.jpg
1.0,0.0,0.0,0.0,0.0,0.0,0.0,0.0,img_02400.jpg
0.0,0.0,0.0,0.0,0.0,0.0,0.0,1.0,img_04723.jpg
1.0,0.0,0.0,0.0,0.0,0.0,0.0,0.0,img_01022.jpg
1.0,0.0,0.0,0.0,0.0,0.0,0.0,0.0,img_05210.jpg
1.184676408111274e-34,1.9268044706563832e-26,2.118171805004132e-22,1.0,1.0853011594774636e-19,2.5734910871930786e-29,1.4992944889215195e-38,1.3822988882914602e-33,img_02281.jpg
1.0,0.0,0.0,0.0,8.018174484586e-30,0.0,0.0,0.0,img_03195.jpg
1.0,0.0,0.0,0.0,0.0,0.0,0.0,0.0,img_02771.jpg
1.0,0.0,0.0,0.0,0.0,0.0,0.0,0.0,img_05359.jpg
0.0,0.0,0.0,0.0,0.0,0.0,0.0,1.0,img_04546.jpg
6.422580800524713e-10,0.0,0.0,0.0,0.0,0.0,0.0,1.0,img_07583.jpg
1.0,0.0,0.0,0.0,0.0,0.0,0.0,0.0,img_04642.jpg
1.0,0.0,0.0,0.0,0.0,0.0,0.0,1.2834296139075138e-35,img_05603.jpg
0.0,0.0,0.0,0.0,0.0,0.0,0.0,1.0,img_03809.jpg
1.0,0.0,0.0,0.0,0.0,0.0,0.0,0.0,img_02119.jpg
0.0,0.0,0.0,0.0,0.0,0.0,0.0,1.0,img_07318.jpg
0.0,0.0,0.0,0.0,0.0,0.0,0.0,1.0,img_05253.jpg
1.0,0.0,0.0,0.0,0.0,0.0,0.0,2.9076025865015483e-16,img_05046.jpg
0.9944937825202942,1.181730873094078e-28,1.4441142084975234e-20,1.0921082668605598e-23,3.110373845103786e-19,0.005506228655576706,1.0463728540128568e-35,1.1749921868808855e-10,img_06893.jpg
1.0,2.4886271000834865e-31,0.0,2.444726197023776e-36,0.0,0.0,3.0100322985789792e-24,0.0,img_05653.jpg
0.0,0.0,0.0,0.0,0.0,0.0,0.0,1.0,img_01984.jpg
1.0,0.0,0.0,0.0,0.0,0.0,0.0,0.0,img_01640.jpg
0.0,0.0,0.0,0.0,0.0,0.0,0.0,1.0,img_06067.jpg
1.0,0.0,2.462407543386407e-35,0.0,8.438706344772714e-35,3.8563867670790825e-24,0.0,1.13115077794181e-34,img_02565.jpg
1.0,0.0,0.0,0.0,0.0,0.0,0.0,0.0,img_07895.jpg
1.0,0.0,0.0,0.0,0.0,0.0,0.0,0.0,img_04671.jpg
1.0,0.0,0.0,0.0,3.337943201670226e-26,0.0,0.0,0.0,img_06559.jpg
1.0,0.0,0.0,0.0,0.0,0.0,0.0,7.150075254458589e-34,img_04004.jpg
1.0,0.0,0.0,0.0,3.877978822236766e-34,2.0761511773629272e-35,0.0,9.71990159309011e-19,img_00027.jpg
1.0,0.0,0.0,0.0,0.0,0.0,0.0,0.0,img_04478.jpg
1.0,0.0,0.0,0.0,0.0,0.0,0.0,0.0,img_07192.jpg
0.0,0.0,0.0,0.0,0.0,0.0,0.0,1.0,img_00764.jpg
1.0,0.0,0.0,5.064699695122383e-31,3.565716547748251e-17,0.0,0.0,0.0,img_06189.jpg
1.0,0.0,0.0,0.0,1.0218282191530286e-33,0.0,0.0,0.0,img_03967.jpg
1.0,0.0,0.0,0.0,6.591433913055885e-26,0.0,0.0,1.8909894080422008e-15,img_01384.jpg
0.9999434947967529,0.0,1.7425705039919694e-34,2.2169662744390066e-37,4.218683038411848e-29,5.526368240291823e-37,0.0,5.648413934977725e-05,img_04036.jpg
0.0,0.0,0.0,0.0,0.0,0.0,0.0,1.0,img_01853.jpg
1.0,0.0,0.0,0.0,0.0,0.0,0.0,0.0,img_06273.jpg
1.0,0.0,0.0,0.0,0.0,0.0,0.0,0.0,img_02625.jpg
3.557715990689189e-16,0.0,0.0,0.0,6.214300844131933e-33,0.0,0.0,1.0,img_07120.jpg
1.0,0.0,0.0,0.0,0.0,0.0,0.0,0.0,img_03554.jpg
1.0,0.0,0.0,0.0,0.0,0.0,0.0,0.0,img_00575.jpg
4.501093338217738e-26,0.0,0.0,0.0,0.0,0.0,0.0,1.0,img_04712.jpg
0.0,0.0,0.0,0.0,1.0,0.0,0.0,0.0,img_02865.jpg
1.0,0.0,0.0,0.0,0.0,0.0,0.0,0.0,img_03677.jpg
0.9979062080383301,0.0,0.0,0.0,0.0,0.0,0.0,0.0020937665831297636,img_07330.jpg
1.0,0.0,0.0,0.0,0.0,0.0,0.0,0.0,img_06921.jpg
1.0,0.0,0.0,0.0,0.0,0.0,0.0,0.0,img_07467.jpg
1.0,0.0,0.0,0.0,0.0,3.255668372154248e-14,0.0,0.0,img_00282.jpg
1.0,0.0,0.0,0.0,0.0,0.0,0.0,0.0,img_03869.jpg
1.0,0.0,0.0,0.0,0.0,0.0,0.0,0.0,img_03996.jpg
0.0,0.0,0.0,0.0,1.0,0.0,0.0,0.0,img_00763.jpg
9.008583657560583e-29,0.0,2.673946088459548e-29,0.0,3.8444258053604823e-34,0.0,0.0,1.0,img_07044.jpg
1.0,0.0,0.0,0.0,0.0,0.0,0.0,0.0,img_02739.jpg
1.0,0.0,0.0,0.0,0.0,0.0,0.0,0.0,img_03410.jpg
0.0,0.0,0.0,0.0,1.0,0.0,0.0,0.0,img_02372.jpg
1.0,0.0,0.0,0.0,3.0488559059603344e-20,0.0,0.0,4.684491135752124e-24,img_07213.jpg
1.0,0.0,0.0,0.0,0.0,0.0,0.0,0.0,img_02651.jpg
1.0,0.0,0.0,0.0,0.0,0.0,0.0,0.0,img_05967.jpg
0.0,0.0,0.0,0.0,1.0,0.0,0.0,0.0,img_06685.jpg
1.0,0.0,0.0,0.0,1.3185047671726569e-12,0.0,0.0,0.0,img_01781.jpg
1.0,0.0,0.0,0.0,0.0,0.0,0.0,0.0,img_01035.jpg
1.0,0.0,0.0,0.0,0.0,0.0,0.0,0.0,img_00407.jpg
1.0,1.5639564424554764e-32,0.0,0.0,0.0,0.0,0.0,3.1349340534459857e-16,img_03952.jpg
1.0,0.0,0.0,0.0,0.0,0.0,0.0,0.0,img_02367.jpg
1.0,0.0,0.0,0.0,0.0,0.0,0.0,0.0,img_03931.jpg
1.0,0.0,0.0,0.0,0.0,0.0,0.0,1.844200993222501e-21,img_07157.jpg
1.0,0.0,0.0,0.0,0.0,0.0,0.0,0.0,img_02412.jpg
1.0,0.0,0.0,0.0,0.0,0.0,0.0,9.837023776232112e-20,img_03776.jpg
0.0,0.0,0.0,0.0,1.0,0.0,0.0,0.0,img_03116.jpg
1.0,0.0,0.0,0.0,0.0,0.0,0.0,0.0,img_06506.jpg
1.0,0.0,0.0,0.0,0.0,0.0,0.0,0.0,img_05244.jpg
1.0,0.0,0.0,0.0,0.0,0.0,0.0,0.0,img_00551.jpg
0.0,0.0,0.0,0.0,1.0,0.0,0.0,0.0,img_01561.jpg
0.0,0.0,0.0,0.0,0.0,0.0,0.0,1.0,img_03043.jpg
1.0,0.0,0.0,0.0,0.0,0.0,0.0,0.0,img_03670.jpg
1.0,0.0,0.0,0.0,0.0,0.0,0.0,0.0,img_02749.jpg
1.0,0.0,0.0,0.0,0.0,0.0,0.0,0.0,img_06849.jpg
0.0,0.0,0.0,0.0,1.0,0.0,0.0,0.0,img_05021.jpg
1.0,0.0,0.0,0.0,0.0,0.0,0.0,0.0,img_03080.jpg
1.0,0.0,0.0,0.0,0.0,0.0,0.0,0.0,img_03260.jpg
1.0,0.0,0.0,0.0,0.0,0.0,0.0,0.0,img_03082.jpg
1.0,0.0,0.0,0.0,0.0,0.0,0.0,0.0,img_01771.jpg
1.0,0.0,0.0,0.0,0.0,0.0,0.0,0.0,img_05336.jpg
1.0,0.0,0.0,0.0,0.0,0.0,0.0,0.0,img_01627.jpg
0.0,0.0,0.0,0.0,1.0,0.0,0.0,0.0,img_00196.jpg
1.0,0.0,0.0,0.0,0.0,0.0,0.0,0.0,img_01824.jpg
1.0,0.0,0.0,0.0,0.0,0.0,0.0,0.0,img_04461.jpg
0.0,1.0099303049964433e-35,0.0,0.0,1.0,0.0,0.0,0.0,img_02347.jpg
1.0,0.0,0.0,0.0,0.0,0.0,0.0,0.0,img_00612.jpg
0.9999998807907104,0.0,0.0,0.0,0.0,8.571942800017496e-08,0.0,0.0,img_04069.jpg
1.0,0.0,0.0,0.0,0.0,0.0,0.0,0.0,img_02096.jpg
0.0,1.0,0.0,0.0,0.0,0.0,0.0,5.054044465286033e-24,img_04949.jpg
1.0,0.0,0.0,0.0,0.0,0.0,0.0,0.0,img_00009.jpg
0.0,0.0,0.0,0.0,0.0,0.0,0.0,1.0,img_04814.jpg
1.5355953935681202e-35,0.0,0.0,0.0,0.0,0.0,0.0,1.0,img_02636.jpg
1.0,0.0,0.0,2.1636869068922088e-35,8.975093557239688e-09,0.0,0.0,0.0,img_02231.jpg
1.0,0.0,0.0,0.0,0.0,0.0,0.0,0.0,img_06909.jpg
1.0,0.0,0.0,0.0,0.0,0.0,0.0,0.0,img_07561.jpg
1.0,0.0,0.0,0.0,0.0,0.0,0.0,0.0,img_00584.jpg
1.0,0.0,0.0,0.0,0.0,0.0,0.0,0.0,img_02546.jpg
1.0,0.0,0.0,0.0,0.0,0.0,0.0,0.0,img_05434.jpg
0.0,0.0,0.0,0.0,1.0,0.0,0.0,0.0,img_00950.jpg
1.0,0.0,0.0,0.0,0.0,0.0,0.0,0.0,img_00398.jpg
0.0,0.0,0.0,0.0,0.0,0.0,0.0,1.0,img_01253.jpg
1.005543527822448e-36,0.0,0.0,0.0,0.0,0.0,0.0,1.0,img_01289.jpg
1.0,0.0,0.0,0.0,0.0,0.0,0.0,0.0,img_03454.jpg
1.0,0.0,0.0,0.0,0.0,0.0,0.0,1.7564472415341634e-23,img_05186.jpg
1.0,0.0,0.0,0.0,3.1786077818087636e-25,0.0,0.0,4.5871876018147815e-20,img_00550.jpg
0.0,0.0,0.0,0.0,1.0,0.0,0.0,0.0,img_02560.jpg
1.0,6.2061984104133766e-18,8.692528468186462e-38,1.5221480022217647e-33,0.0,0.0,0.0,2.92892527722563e-13,img_06237.jpg
1.0,0.0,0.0,0.0,0.0,0.0,0.0,0.0,img_05525.jpg
2.3022892037261045e-08,5.182574796093144e-37,5.3967677048240256e-27,1.1327401649488237e-26,5.912947084113628e-17,9.67453713040877e-29,9.615954448649073e-38,1.0,img_04240.jpg
0.0,0.0,0.0,0.0,0.0,0.0,0.0,1.0,img_07371.jpg
1.0,0.0,0.0,0.0,0.0,0.0,0.0,0.0,img_03222.jpg
1.0,0.0,0.0,0.0,0.0,0.0,0.0,0.0,img_07352.jpg
1.0,0.0,0.0,0.0,0.0,0.0,0.0,0.0,img_03297.jpg
1.0,0.0,0.0,0.0,0.0,0.0,0.0,0.0,img_05439.jpg
1.9174634463254383e-33,6.568144150683916e-25,1.2308792953039357e-31,2.0716670662461602e-26,2.258307584237961e-33,0.0,0.0,1.0,img_00730.jpg
1.0,0.0,0.0,0.0,0.0,0.0,0.0,0.0,img_07678.jpg
0.0,1.426754517948694e-18,0.0,2.537927208088507e-36,1.0,0.0,0.0,0.0,img_06646.jpg
1.0,0.0,0.0,0.0,0.0,0.0,0.0,0.0,img_03261.jpg
1.0,7.19173441299293e-27,1.0988516205106288e-36,5.237987742566404e-37,0.0,5.536426428420782e-08,0.0,0.0,img_05794.jpg
4.457299807025805e-11,0.0,0.0,0.0,6.641826929162858e-37,0.0,0.0,1.0,img_05463.jpg
0.0,0.0,0.0,0.0,1.0,0.0,0.0,0.0,img_01541.jpg
1.0,0.0,0.0,0.0,0.0,0.0,0.0,0.0,img_01388.jpg
1.0,0.0,0.0,0.0,0.0,0.0,0.0,0.0,img_07188.jpg
1.0,8.492304553682735e-37,0.0,0.0,0.0,5.303753818405728e-38,0.0,1.0763616810185725e-28,img_04282.jpg
1.0,0.0,0.0,0.0,1.532986519313827e-33,0.0,0.0,0.0,img_04386.jpg
1.0,0.0,0.0,0.0,0.0,0.0,0.0,0.0,img_05568.jpg
1.0,0.0,0.0,0.0,0.0,0.0,0.0,0.0,img_03943.jpg
0.0,0.0,0.0,0.0,1.0,0.0,0.0,0.0,img_05908.jpg
1.0,0.0,0.0,0.0,0.0,0.0,0.0,0.0,img_03891.jpg
0.9999926090240479,0.0,0.0,0.0,0.0,0.0,7.345810900005745e-06,0.0,img_03928.jpg
1.0,0.0,0.0,0.0,0.0,0.0,0.0,0.0,img_05516.jpg
1.0,0.0,0.0,0.0,0.0,0.0,0.0,0.0,img_00320.jpg
7.929224497046222e-15,4.86740418637055e-06,3.1751266060808803e-09,9.661387593951076e-06,1.7301812204381253e-18,2.331913467526611e-16,0.00013950442371424288,0.9998459815979004,img_06939.jpg
1.0,0.0,0.0,0.0,0.0,0.0,0.0,0.0,img_01633.jpg
1.0,0.0,0.0,0.0,0.0,0.0,0.0,0.0,img_02764.jpg
1.0,4.091862141271068e-38,3.0494722662667265e-35,2.8632938779197055e-35,1.2418210318202597e-31,2.62562197837182e-28,6.24902095241114e-36,2.694913903847749e-17,img_00833.jpg
1.0,0.0,0.0,0.0,0.0,0.0,0.0,0.0,img_03254.jpg
4.1290633130750905e-19,0.0,0.0,0.0,0.0,0.0,0.0,1.0,img_00587.jpg
3.487099775156821e-06,0.0,0.0,0.0,0.999996542930603,0.0,0.0,0.0,img_07199.jpg
0.0,0.0,0.0,0.0,1.0,0.0,0.0,0.0,img_06637.jpg
1.0,0.0,0.0,0.0,0.0,0.0,0.0,0.0,img_05654.jpg
1.0,0.0,0.0,0.0,0.0,0.0,0.0,0.0,img_04306.jpg
2.9998425402899944e-31,0.0,9.741718586799254e-36,2.093905883067833e-33,1.0,0.0,0.0,1.3342430271734429e-08,img_04233.jpg
1.0,0.0,0.0,0.0,0.0,0.0,0.0,1.3316291528713877e-31,img_06946.jpg
0.0,0.0,0.0,0.0,1.0,0.0,0.0,0.0,img_03674.jpg
0.0,3.619853135535804e-24,0.0,0.0,1.0,0.0,0.0,0.0,img_07757.jpg
1.0,0.0,0.0,0.0,0.0,0.0,0.0,0.0,img_03886.jpg
1.0,0.0,0.0,0.0,0.0,0.0,0.0,0.0,img_03140.jpg
1.0,0.0,0.0,0.0,0.0,0.0,0.0,0.0,img_03231.jpg
0.0,0.0,0.0,0.0,0.0,0.0,0.0,1.0,img_01103.jpg
0.0,0.0,0.0,0.0,0.0,0.0,0.0,1.0,img_06611.jpg
1.0,0.0,0.0,0.0,0.0,0.0,0.0,0.0,img_05979.jpg
0.9999991655349731,0.0,0.0,0.0,8.854473776409577e-07,0.0,0.0,0.0,img_07348.jpg
1.0,1.682807481555591e-27,2.440693270295034e-27,1.2795253745423452e-10,1.5953261255119015e-32,0.0,0.0,6.35739257759608e-35,img_01669.jpg
1.0,0.0,0.0,0.0,0.0,0.0,0.0,0.0,img_07623.jpg
1.0,0.0,0.0,0.0,0.0,0.0,0.0,0.0,img_03588.jpg
1.0,0.0,0.0,0.0,0.0,0.0,0.0,0.0,img_03520.jpg
0.8563136458396912,1.7772957737679206e-18,1.0112962671016702e-22,0.14368636906147003,1.7341392248429485e-33,0.0,1.620876561666723e-35,4.0872658568380815e-32,img_01431.jpg
1.5170508183004472e-09,3.6415305890342715e-15,3.7851699527425877e-19,5.735397157202726e-10,3.2852612977505054e-21,1.0,1.3890893655895004e-36,1.4791415454946074e-27,img_06455.jpg
1.0,0.0,0.0,0.0,0.0,0.0,0.0,0.0,img_03238.jpg
1.0,0.0,0.0,0.0,0.0,0.0,0.0,0.0,img_02899.jpg
8.737953936799325e-13,0.0,0.0,0.0,1.0,0.0,2.2888684456770176e-35,0.0,img_03935.jpg
1.0,0.0,0.0,0.0,0.0,0.0,0.0,0.0,img_02974.jpg
1.0,0.0,0.0,0.0,0.0,0.0,0.0,0.0,img_01932.jpg
0.0,0.0,0.0,0.0,1.0,0.0,0.0,0.0,img_07553.jpg
0.0,0.0,0.0,0.0,1.0,0.0,0.0,0.0,img_00133.jpg
1.0,0.0,0.0,0.0,0.0,0.0,0.0,0.0,img_00943.jpg
1.0,0.0,0.0,0.0,0.0,0.0,0.0,0.0,img_01860.jpg
1.0,0.0,0.0,0.0,0.0,0.0,0.0,0.0,img_04324.jpg
0.702080249786377,0.0,1.1108209245685752e-34,0.0,2.0114091704775885e-16,0.0,0.0,0.29791975021362305,img_00432.jpg
0.0,0.0,0.0,0.0,1.0,0.0,0.0,0.0,img_00828.jpg
8.310333948531731e-16,0.0,0.0,0.0,0.0,0.0,0.0,1.0,img_01681.jpg
0.0,0.0,0.0,0.0,1.0,0.0,0.0,0.0,img_07143.jpg
1.0,0.0,0.0,0.0,0.0,0.0,0.0,1.9942726349310667e-33,img_01724.jpg
1.0,0.0,0.0,0.0,0.0,0.0,0.0,0.0,img_05981.jpg
1.0,1.5137321959189168e-36,0.0,0.0,0.0,0.0,0.0,2.407427678853414e-38,img_03490.jpg
4.686897571437587e-12,0.0,0.0,0.0,0.0,0.0,0.0,1.0,img_04405.jpg
0.0,0.0,0.0,0.0,0.0,0.0,0.0,1.0,img_03324.jpg
1.0,0.0,0.0,0.0,0.0,0.0,0.0,0.0,img_00618.jpg
1.0,0.0,0.0,0.0,0.0,0.0,0.0,0.0,img_03581.jpg
0.0,0.0,0.0,0.0,1.0,0.0,0.0,0.0,img_07179.jpg
1.0,3.0956377598031354e-14,1.0891777066018589e-29,1.9198690428522492e-28,9.493345317175737e-38,0.0,2.1648147100116156e-38,8.068560061616839e-14,img_03502.jpg
0.0,0.0,0.0,0.0,0.0,0.0,0.0,1.0,img_06021.jpg
1.0,0.0,0.0,0.0,0.0,0.0,0.0,0.0,img_05775.jpg
1.0,0.0,0.0,0.0,0.0,0.0,0.0,0.0,img_05835.jpg
0.5744581818580627,0.0,7.911729013056717e-35,0.0,0.42554181814193726,0.0,0.0,9.345408759422619e-34,img_01685.jpg
1.0,0.0,0.0,0.0,0.0,0.0,0.0,0.0,img_02124.jpg
1.0,0.0,0.0,0.0,0.0,0.0,0.0,0.0,img_07094.jpg
0.0,0.0,0.0,0.0,1.0,0.0,0.0,0.0,img_07501.jpg
0.0,0.0,0.0,0.0,1.0,0.0,0.0,0.0,img_05059.jpg
0.0,0.0,0.0,0.0,1.0,0.0,0.0,0.0,img_07147.jpg
0.999995231628418,0.0,0.0,0.0,4.768367034557741e-06,0.0,0.0,9.939722373699207e-36,img_01237.jpg
1.0,0.0,0.0,0.0,0.0,1.8420820498925172e-31,0.0,0.0,img_04145.jpg
1.0,1.7574341866648624e-36,1.1466756962186581e-31,1.3644685739920888e-36,6.137724473055808e-28,0.0,0.0,3.7622141299356085e-24,img_04479.jpg
1.0,0.0,0.0,0.0,0.0,0.0,0.0,0.0,img_02487.jpg
1.0,0.0,0.0,0.0,0.0,0.0,0.0,0.0,img_04061.jpg
0.0,0.0,0.0,0.0,0.0,0.0,0.0,1.0,img_06137.jpg
1.0,0.0,0.0,0.0,0.0,0.0,0.0,0.0,img_07528.jpg
1.0,0.0,0.0,0.0,0.0,0.0,0.0,0.0,img_03445.jpg
0.0,0.0,0.0,0.0,0.0,0.0,0.0,1.0,img_02687.jpg
0.0,0.0,0.0,0.0,0.0,0.0,0.0,1.0,img_05915.jpg
0.0,0.0,0.0,0.0,1.0,0.0,0.0,0.0,img_03014.jpg
0.0,0.0,0.0,0.0,1.0,0.0,0.0,0.0,img_03924.jpg
4.414632296973052e-37,0.0,0.0,0.0,0.0,0.0,0.0,1.0,img_06268.jpg
1.0,1.218877726193248e-35,1.233285649789504e-31,1.0078507067622526e-30,3.1281747819833466e-22,0.0,1.5421984840076318e-29,1.5204867325345777e-35,img_07251.jpg
0.0,0.0,0.0,0.0,1.0,0.0,0.0,0.0,img_04375.jpg
1.0,0.0,0.0,0.0,0.0,0.0,0.0,0.0,img_07574.jpg
1.0,0.0,0.0,0.0,0.0,0.0,0.0,0.0,img_05960.jpg
1.0,0.0,0.0,0.0,0.0,0.0,0.0,0.0,img_00483.jpg
0.0,0.0,0.0,0.0,1.0,0.0,0.0,0.0,img_02479.jpg
1.0,0.0,0.0,0.0,0.0,0.0,0.0,4.769948248235617e-31,img_06097.jpg
1.0,0.0,0.0,0.0,0.0,0.0,0.0,0.0,img_06986.jpg
0.0,0.0,0.0,0.0,0.0,0.0,0.0,1.0,img_03210.jpg
1.0,0.0,0.0,0.0,0.0,0.0,0.0,0.0,img_00654.jpg
1.0,0.0,0.0,0.0,0.0,0.0,0.0,0.0,img_06614.jpg
0.0,1.9483715878455186e-19,0.0,0.0,0.0,0.0,0.0,1.0,img_01426.jpg
1.0,0.0,0.0,0.0,0.0,0.0,0.0,0.0,img_00230.jpg
1.0,0.0,0.0,0.0,0.0,0.0,0.0,0.0,img_06469.jpg
1.0,0.0,0.0,0.0,0.0,0.0,0.0,1.7115831198368277e-29,img_05508.jpg
0.0,0.0,0.0,0.0,1.0,0.0,0.0,0.0,img_05824.jpg
0.0,1.0,0.0,0.0,0.0,0.0,0.0,2.884246800215872e-25,img_05349.jpg
0.0,0.0,0.0,0.0,0.0,0.0,0.0,1.0,img_02646.jpg
1.0,0.0,0.0,0.0,0.0,0.0,0.0,0.0,img_04024.jpg
1.0,0.0,0.0,0.0,0.0,0.0,0.0,0.0,img_02811.jpg
0.0,1.0,0.0,0.0,0.0,0.0,0.0,4.056669942938085e-33,img_03361.jpg
1.0,0.0,0.0,0.0,3.567850241372277e-26,0.0,0.0,2.9734630107503824e-34,img_07191.jpg
0.0,0.0,0.0,0.0,0.0,0.0,0.0,1.0,img_04507.jpg
1.0,0.0,0.0,0.0,0.0,0.0,0.0,0.0,img_02837.jpg
1.0,0.0,0.0,0.0,0.0,0.0,0.0,0.0,img_01646.jpg
1.0,0.0,0.0,0.0,0.0,0.0,0.0,0.0,img_04285.jpg
1.0,0.0,0.0,0.0,0.0,0.0,0.0,0.0,img_06673.jpg
1.0,0.0,0.0,0.0,0.0,0.0,0.0,0.0,img_04629.jpg
1.0,0.0,0.0,0.0,0.0,0.0,0.0,0.0,img_01996.jpg
1.0,0.0,0.0,0.0,0.0,0.0,0.0,0.0,img_02799.jpg
1.0,0.0,0.0,0.0,0.0,0.0,0.0,0.0,img_02398.jpg
0.0018045814940705895,0.0,7.5649000072874555e-31,0.0,0.998195469379425,0.0,0.0,1.491272288340178e-30,img_02507.jpg
1.0,0.0,0.0,0.0,0.0,0.0,0.0,0.0,img_06510.jpg
1.0,0.0,0.0,0.0,0.0,0.0,0.0,0.0,img_00543.jpg
1.0,0.0,0.0,0.0,1.6446783057026014e-27,0.0,0.0,0.0,img_02574.jpg
1.0,0.0,0.0,0.0,0.0,0.0,0.0,0.0,img_06037.jpg
1.0,0.0,0.0,0.0,0.0,0.0,0.0,0.0,img_00486.jpg
1.0,0.0,0.0,0.0,0.0,0.0,0.0,0.0,img_04268.jpg
1.0,0.0,0.0,0.0,0.0,0.0,0.0,0.0,img_00894.jpg
1.0,0.0,0.0,0.0,0.0,0.0,0.0,0.0,img_03252.jpg
1.6041539468635008e-20,0.0,0.0,0.0,0.0,0.0,0.0,1.0,img_07792.jpg
3.7078446530564186e-24,0.0,2.554553367739191e-38,0.0,3.396388562609322e-24,0.0,0.0,1.0,img_00180.jpg
0.0,0.0,0.0,0.0,0.0,0.0,1.0,0.0,img_00129.jpg
1.0,0.0,0.0,0.0,0.0,0.0,0.0,0.0,img_06870.jpg
1.0,0.0,0.0,0.0,0.0,0.0,0.0,0.0,img_01684.jpg
1.0,0.0,0.0,0.0,0.0,0.0,0.0,0.0,img_06321.jpg
1.0,0.0,0.0,0.0,0.0,0.0,0.0,0.0,img_06564.jpg
0.0,0.0,0.0,0.0,0.0,0.0,0.0,1.0,img_03446.jpg
1.0,0.0,0.0,0.0,0.0,0.0,0.0,0.0,img_00808.jpg
1.0,0.0,0.0,0.0,0.0,0.0,0.0,0.0,img_00075.jpg
1.671997509859074e-15,0.0,0.0,0.0,0.0,0.0,0.0,1.0,img_04013.jpg
1.0,0.0,0.0,0.0,0.0,0.0,0.0,0.0,img_05055.jpg
0.8925994634628296,3.0722249800527274e-22,6.750231218649207e-21,1.7620373909954523e-11,0.10740053653717041,1.8161812073664989e-31,6.541725072470325e-36,7.614038914399798e-24,img_05838.jpg
1.0,0.0,0.0,0.0,0.0,0.0,0.0,0.0,img_02834.jpg
1.0,0.0,0.0,0.0,0.0,0.0,0.0,0.0,img_03471.jpg
0.0,1.0,0.0,0.0,4.675732540402749e-36,0.0,0.0,0.0,img_01825.jpg
1.0,0.0,0.0,0.0,0.0,0.0,0.0,0.0,img_06684.jpg
1.0,0.0,0.0,0.0,0.0,0.0,0.0,0.0,img_00223.jpg
1.0,0.0,0.0,0.0,3.9519576236316495e-36,0.0,0.0,3.6712913532026123e-25,img_06010.jpg
0.03884924575686455,2.8661529941297324e-29,6.896873695912893e-29,2.0602901900082578e-29,2.1600062047780297e-36,2.0685274525657128e-29,2.3851528396354942e-20,0.9611508250236511,img_02830.jpg
1.0,0.0,0.0,0.0,0.0,0.0,0.0,0.0,img_04432.jpg
1.0,0.0,0.0,0.0,0.0,0.0,0.0,0.0,img_02808.jpg
0.0,0.0,0.0,0.0,0.0,0.0,0.0,1.0,img_05139.jpg
2.414508889879959e-31,0.0,1.33715318634127e-37,7.927870563527582e-31,0.0,0.0,1.0,0.0,img_00902.jpg
0.0,0.0,0.0,0.0,1.0,0.0,0.0,0.0,img_06272.jpg
0.0,0.0,0.0,0.0,0.0,0.0,0.0,1.0,img_04559.jpg
5.458394390695986e-38,0.0,0.0,0.0,1.0,0.0,0.0,0.0,img_04503.jpg
1.0,0.0,0.0,0.0,0.0,0.0,0.0,0.0,img_05087.jpg
4.08741153640217e-25,0.0,0.0,1.696003750694935e-37,1.0,0.0,0.0,7.337813659266508e-32,img_02954.jpg
6.983592870657418e-11,0.0,0.0,0.0,1.0,0.0,0.0,0.0,img_06899.jpg
0.0,3.7638399091523966e-22,0.0,0.0,1.0,0.0,0.0,0.0,img_05657.jpg
0.0,0.0,0.0,0.0,0.0,0.0,0.0,1.0,img_06033.jpg
0.0,0.0,0.0,0.0,0.0,0.0,0.0,1.0,img_00962.jpg
0.0,0.0,0.0,0.0,0.0,0.0,0.0,1.0,img_00141.jpg
1.0,0.0,0.0,0.0,0.0,0.0,0.0,0.0,img_00974.jpg
0.0,0.0,0.0,0.0,0.0,0.0,0.0,1.0,img_06658.jpg
1.0,0.0,0.0,0.0,0.0,0.0,0.0,0.0,img_04888.jpg
1.0,4.505451659903988e-28,3.974601485776367e-38,0.0,0.0,1.2299890320170699e-36,0.0,2.970052814799118e-10,img_01444.jpg
1.0,0.0,0.0,0.0,0.0,0.0,0.0,0.0,img_01213.jpg
1.0,0.0,0.0,0.0,0.0,0.0,0.0,0.0,img_04266.jpg
1.0,0.0,0.0,0.0,0.0,0.0,0.0,0.0,img_01211.jpg
1.0,0.0,0.0,0.0,0.0,0.0,0.0,0.0,img_04076.jpg
1.0,0.0,0.0,0.0,0.0,0.0,0.0,0.0,img_07426.jpg
3.915191687699085e-15,0.0,0.0,0.0,1.0,0.0,0.0,0.0,img_04323.jpg
1.0,0.0,4.519888757199083e-38,7.564227047045706e-37,4.838036282622022e-35,1.348387872711354e-12,0.0,0.0,img_07921.jpg
0.0,0.0,0.0,0.0,1.0,0.0,0.0,0.0,img_07079.jpg
1.0,0.0,5.613266053918593e-36,1.3162501015048622e-32,7.006484604246165e-27,3.968814802490913e-15,0.0,0.0,img_00765.jpg
0.9999998807907104,0.0,5.128430080782036e-38,0.0,6.791837137143375e-08,0.0,0.0,0.0,img_06859.jpg
1.0,0.0,0.0,4.717625712656991e-34,0.0,0.0,0.0,0.0,img_07050.jpg
2.6885943952947855e-05,1.0942768747300832e-33,5.215600705920073e-35,3.0402608790161545e-35,0.0,0.0,0.0,0.9999730587005615,img_07183.jpg
1.0,0.0,0.0,0.0,0.0,0.0,0.0,0.0,img_07505.jpg
1.0,2.1728515154369253e-35,2.007741492402206e-29,1.7263169753868409e-37,6.834437755454843e-30,0.0,0.0,5.526902604497768e-33,img_00650.jpg
1.3527187547879294e-07,1.6985005871147184e-32,1.815348131435574e-26,0.9999998807907104,7.575040615016335e-33,0.0,0.0,0.0,img_00071.jpg
0.878848135471344,0.0,0.0,0.0,0.0,0.0,0.0,0.12115184962749481,img_00985.jpg
1.0,0.0,0.0,0.0,0.0,0.0,0.0,0.0,img_00375.jpg
0.0,0.0,0.0,0.0,0.0,0.0,0.0,1.0,img_06165.jpg
1.0,0.0,0.0,0.0,0.0,0.0,0.0,0.0,img_05948.jpg
0.0,1.4038695402368354e-32,0.0,0.0,0.0,0.0,0.0,1.0,img_04128.jpg
1.0,0.0,0.0,0.0,0.0,0.0,0.0,0.0,img_07060.jpg
1.0,0.0,0.0,0.0,0.0,0.0,0.0,0.0,img_00865.jpg
1.0,0.0,0.0,0.0,0.0,0.0,0.0,0.0,img_03548.jpg
0.0,7.382237683164027e-30,0.0,0.0,0.0,0.0,0.0,1.0,img_04422.jpg
1.0,0.0,0.0,4.459476919533045e-26,0.0,0.0,0.0,0.0,img_05426.jpg
1.0,0.0,0.0,0.0,0.0,0.0,0.0,0.0,img_06147.jpg
0.8445603251457214,2.621272959127498e-22,0.0,0.0,0.0,0.0,0.0,0.15543970465660095,img_04959.jpg
1.0,0.0,0.0,0.0,0.0,0.0,0.0,0.0,img_04272.jpg
1.0,0.0,0.0,0.0,0.0,0.0,0.0,0.0,img_07156.jpg
1.0,0.0,0.0,0.0,0.0,0.0,0.0,0.0,img_05185.jpg
0.0,0.0,0.0,0.0,0.0,0.0,0.0,1.0,img_03739.jpg
1.0,0.0,0.0,0.0,0.0,0.0,0.0,0.0,img_03220.jpg
1.0,0.0,0.0,0.0,0.0,0.0,0.0,0.0,img_05016.jpg
1.0,0.0,0.0,0.0,0.0,0.0,0.0,0.0,img_03711.jpg
1.0,0.0,0.0,0.0,0.0,0.0,0.0,0.0,img_04757.jpg
1.0,0.0,0.0,0.0,0.0,0.0,0.0,0.0,img_02146.jpg
0.0,0.0,0.0,0.0,1.0,0.0,0.0,0.0,img_07062.jpg
1.0,0.0,0.0,0.0,0.0,0.0,0.0,0.0,img_02889.jpg
6.964084468078658e-21,9.783114525222649e-24,1.9404449850433025e-24,6.49558796130536e-17,3.894261162430101e-24,1.4119025655732176e-34,8.72153523455871e-28,1.0,img_05613.jpg
0.0,0.0,0.0,0.0,0.0,0.0,0.0,1.0,img_01441.jpg
1.0,0.0,0.0,0.0,0.0,0.0,0.0,0.0,img_03866.jpg
1.0,0.0,0.0,0.0,0.0,0.0,0.0,0.0,img_04310.jpg
0.9782050251960754,0.0,0.0,0.0,0.021794995293021202,0.0,0.0,0.0,img_00723.jpg
0.0,0.0,0.0,0.0,1.0,0.0,0.0,0.0,img_07543.jpg
1.0,0.0,0.0,0.0,0.0,0.0,0.0,1.9370316064397915e-28,img_05766.jpg
1.0,0.0,0.0,0.0,0.0,0.0,0.0,0.0,img_07354.jpg
1.0,0.0,0.0,0.0,0.0,0.0,0.0,0.0,img_01856.jpg
0.0,0.0,0.0,0.0,0.0,0.0,1.0,0.0,img_07538.jpg
1.0,0.0,0.0,0.0,0.0,0.0,0.0,0.0,img_05615.jpg
0.0,0.0,0.0,0.0,0.0,0.0,1.0,0.0,img_07659.jpg
0.0,0.0,0.0,0.0,1.0,0.0,0.0,0.0,img_07160.jpg
1.0,0.0,0.0,0.0,0.0,0.0,0.0,2.95288517962e-15,img_00285.jpg
0.0,1.0,0.0,0.0,0.0,0.0,0.0,0.0,img_04237.jpg
1.0,0.0,0.0,0.0,0.0,0.0,0.0,0.0,img_05341.jpg
0.0,0.0,0.0,0.0,0.0,0.0,0.0,1.0,img_06210.jpg
1.0,0.0,0.0,0.0,0.0,0.0,0.0,2.712841179880994e-24,img_06630.jpg
1.0,7.295818046830556e-29,1.3611472679397296e-35,1.4617305610183635e-27,2.14281864381593e-32,3.6659788393702065e-37,0.0,3.825546208905215e-38,img_02299.jpg
0.0,0.0,0.0,0.0,0.0,0.0,0.0,1.0,img_01490.jpg
7.680715674527588e-35,1.9383242063590291e-29,8.59978031327116e-31,5.2630013339628667e-23,2.225855496109146e-28,0.0,2.3269305934502645e-32,1.0,img_03587.jpg
3.563845491534867e-29,0.0,0.0,0.0,1.0,0.0,0.0,0.0,img_04453.jpg
1.0,0.0,0.0,0.0,0.0,0.0,0.0,0.0,img_01966.jpg
1.0,0.0,0.0,0.0,0.0,0.0,0.0,0.0,img_06985.jpg
0.9996826648712158,0.0003156683233100921,3.8172174565521436e-24,1.6475330539833521e-06,6.795433160182694e-31,0.0,1.9202826629229242e-38,0.0,img_06845.jpg
1.0,0.0,0.0,0.0,0.0,0.0,0.0,8.544028221096824e-16,img_02379.jpg
1.0,0.0,0.0,0.0,0.0,0.0,0.0,0.0,img_03837.jpg
1.0,0.0,0.0,0.0,0.0,0.0,0.0,0.0,img_06831.jpg
0.0,0.0,0.0,0.0,1.0,0.0,0.0,0.0,img_00876.jpg
0.7221949696540833,3.481124984444061e-21,0.0,1.388103901839103e-33,0.0,0.0,0.0,0.27780500054359436,img_04261.jpg
1.0,0.0,0.0,0.0,0.0,0.0,0.0,0.0,img_04263.jpg
1.0,0.0,0.0,0.0,0.0,0.0,0.0,2.9205710496988995e-19,img_01976.jpg
0.0,0.0,0.0,0.0,0.0,0.0,0.0,1.0,img_00646.jpg
1.0,0.0,0.0,0.0,0.0,0.0,0.0,0.0,img_03166.jpg
1.0,0.0,0.0,0.0,0.0,0.0,0.0,0.0,img_00857.jpg
1.0,0.0,0.0,0.0,0.0,0.0,0.0,0.0,img_07304.jpg
0.0,0.0,0.0,0.0,1.0,0.0,0.0,0.0,img_04138.jpg
0.0,0.0,0.0,0.0,0.0,0.0,0.0,1.0,img_00979.jpg
1.0,0.0,0.0,0.0,0.0,0.0,0.0,1.9347487475099296e-29,img_05251.jpg
1.0,0.0,0.0,0.0,0.0,0.0,0.0,0.0,img_04003.jpg
1.0,0.0,0.0,0.0,0.0,0.0,0.0,0.0,img_04118.jpg
0.0,0.0,0.0,0.0,0.0,0.0,0.0,1.0,img_03831.jpg
1.0,0.0,0.0,0.0,0.0,0.0,0.0,0.0,img_01745.jpg
1.0,0.0,0.0,0.0,0.0,0.0,0.0,0.0,img_05328.jpg
1.0,0.0,0.0,0.0,0.0,0.0,0.0,0.0,img_01632.jpg
1.0,0.0,0.0,0.0,0.0,0.0,0.0,0.0,img_02602.jpg
1.0,0.0,0.0,0.0,0.0,0.0,0.0,0.0,img_01530.jpg
1.0,0.0,0.0,0.0,0.0,0.0,0.0,0.0,img_05922.jpg
1.4077245555932578e-33,0.0,0.0,0.0,1.0,0.0,0.0,0.0,img_00564.jpg
2.0450490195963775e-26,0.0,0.0,0.0,0.0,0.0,0.0,1.0,img_03929.jpg
1.0,0.0,0.0,0.0,0.0,0.0,0.0,0.0,img_05222.jpg
0.0,0.0,0.0,0.0,1.0,0.0,0.0,0.0,img_02977.jpg
1.0,0.0,0.0,0.0,0.0,0.0,0.0,0.0,img_01379.jpg
1.0,0.0,0.0,0.0,0.0,0.0,0.0,0.0,img_06892.jpg
1.0,0.0,0.0,0.0,0.0,0.0,0.0,0.0,img_02066.jpg
1.0,0.0,0.0,0.0,0.0,0.0,0.0,0.0,img_00620.jpg
1.0,0.0,0.0,0.0,0.0,0.0,0.0,0.0,img_06076.jpg
1.0,0.0,0.0,0.0,0.0,0.0,0.0,0.0,img_04130.jpg
0.0,0.0,0.0,0.0,0.0,0.0,0.0,1.0,img_03169.jpg
1.0,0.0,0.0,0.0,5.435442830313433e-35,0.0,0.0,0.0,img_04476.jpg
4.770375149517746e-20,0.0,0.0,0.0,0.0,0.0,0.0,1.0,img_05292.jpg
4.626042837685418e-08,3.1829776274894288e-24,6.45879570326864e-25,5.128861216828551e-23,1.0395279570591054e-19,8.275215155812794e-32,0.0,1.0,img_02305.jpg
1.0,0.0,0.0,0.0,0.0,0.0,0.0,0.0,img_03853.jpg
1.0,0.0,0.0,0.0,0.0,0.0,0.0,0.0,img_02641.jpg
1.0,0.0,0.0,0.0,0.0,0.0,0.0,1.4522920965947795e-36,img_05640.jpg
0.0,0.0,0.0,0.0,1.0,0.0,0.0,0.0,img_04271.jpg
0.0,6.06423447231119e-26,0.0,0.0,1.0,0.0,0.0,0.0,img_02857.jpg
1.0,0.0,0.0,0.0,0.0,0.0,0.0,0.0,img_07616.jpg
1.0,0.0,0.0,0.0,0.0,0.0,0.0,0.0,img_03974.jpg
1.0,0.0,0.0,0.0,0.0,0.0,0.0,0.0,img_02916.jpg
1.0,2.22519321694952e-28,8.463639847283501e-32,1.0292192124713087e-16,6.344793895466905e-35,2.0932440675364806e-17,0.0,0.0,img_06681.jpg
5.4988263942234994e-11,1.3764493544954348e-08,4.0731378366703e-14,1.0,6.254743976476776e-29,2.692967586640503e-20,1.1656158360893128e-34,1.8834237127881668e-22,img_06549.jpg
1.0,0.0,0.0,0.0,0.0,0.0,0.0,0.0,img_01286.jpg
0.0,0.0,0.0,0.0,1.0,0.0,0.0,0.0,img_04585.jpg
0.0,0.0,0.0,0.0,0.0,0.0,0.0,1.0,img_04962.jpg
1.0,0.0,0.0,0.0,1.9490887126494272e-08,0.0,0.0,0.0,img_01647.jpg
1.0,0.0,5.342456560951608e-38,2.451968773525125e-25,1.8117909352492043e-35,1.0246866540722438e-31,0.0,0.0,img_00007.jpg
0.0,0.0,0.0,0.0,0.0,0.0,1.0,0.0,img_04795.jpg
1.0,0.0,0.0,0.0,0.0,0.0,0.0,0.0,img_02734.jpg
0.0,0.0,0.0,0.0,1.0,0.0,0.0,0.0,img_00119.jpg
1.0,0.0,0.0,0.0,0.0,0.0,0.0,0.0,img_06966.jpg
1.0,0.0,0.0,0.0,0.0,2.495598095308884e-14,0.0,0.0,img_06207.jpg
1.0,0.0,0.0,0.0,0.0,0.0,0.0,0.0,img_07818.jpg
1.0,0.0,0.0,0.0,6.051570789592064e-26,0.0,0.0,0.0,img_04257.jpg
1.0,0.0,0.0,0.0,0.0,0.0,0.0,0.0,img_05260.jpg
0.0,0.0,0.0,0.0,0.0,0.0,1.0,0.0,img_06962.jpg
0.0,0.0,0.0,0.0,0.0,0.0,0.0,1.0,img_03290.jpg
5.8318739609010564e-33,0.0,2.3564675499481757e-35,2.3485875484864102e-28,0.0,0.0,1.0,0.0,img_00232.jpg
1.0,0.0,0.0,0.0,0.0,0.0,0.0,0.0,img_01930.jpg
1.0,0.0,0.0,0.0,0.0,0.0,0.0,0.0,img_00469.jpg
1.0,0.0,0.0,0.0,0.0,0.0,0.0,0.0,img_05790.jpg
1.0,0.0,0.0,0.0,0.0,0.0,0.0,0.0,img_02709.jpg
1.0,0.0,0.0,0.0,0.0,0.0,0.0,7.773769999911151e-36,img_04811.jpg
1.0,0.0,0.0,0.0,0.0,0.0,0.0,0.0,img_05209.jpg
1.0,0.0,0.0,0.0,0.0,0.0,0.0,0.0,img_00518.jpg
1.0,0.0,0.0,0.0,0.0,0.0,0.0,0.0,img_03504.jpg
1.0,3.000343952675314e-25,1.6982248396499025e-29,1.2629063743189706e-26,7.224325554179674e-25,2.4604962707043543e-13,1.1137148009581521e-36,3.0474530003018826e-25,img_03892.jpg
1.0,0.0,0.0,1.5371085701467633e-26,0.0,3.6172394815449973e-34,0.0,0.0,img_04129.jpg
1.0,0.0,0.0,0.0,0.0,0.0,0.0,0.0,img_02270.jpg
1.0,0.0,0.0,0.0,0.0,0.0,0.0,0.0,img_07187.jpg
1.0,2.300909115816493e-32,0.0,0.0,0.0,0.0,0.0,4.49129811102125e-19,img_06324.jpg
0.0,0.0,0.0,0.0,1.0,0.0,0.0,0.0,img_00172.jpg
0.0,0.0,0.0,0.0,0.0,0.0,0.0,1.0,img_07417.jpg
1.0,0.0,0.0,0.0,0.0,0.0,0.0,0.0,img_01371.jpg
1.0,0.0,0.0,0.0,0.0,0.0,0.0,0.0,img_07799.jpg
1.0,0.0,0.0,0.0,0.0,0.0,0.0,0.0,img_01963.jpg
0.9913376569747925,0.0,3.333867572053095e-38,0.0,0.0,0.0,0.0,0.00866230670362711,img_00590.jpg
0.0,0.0,0.0,0.0,0.0,0.0,0.0,1.0,img_05976.jpg
1.0,0.0,0.0,0.0,1.5254368569047934e-27,0.0,0.0,4.509801224338754e-36,img_04415.jpg
0.0,0.0,0.0,0.0,0.0,0.0,0.0,1.0,img_02993.jpg
1.0,0.0,7.95914434337804e-38,7.582608387953857e-35,1.7871438814262578e-32,2.7411829316842384e-13,0.0,0.0,img_01188.jpg
0.6133641004562378,1.738973116222287e-30,6.9552590144933765e-31,1.0938020778681067e-31,1.916878931759492e-32,2.3287910577724493e-35,0.0,0.3866358995437622,img_01995.jpg
1.0,0.0,0.0,0.0,1.1070896826326831e-29,0.0,0.0,8.936307194964032e-19,img_00533.jpg
1.0,0.0,0.0,0.0,0.0,0.0,0.0,0.0,img_04482.jpg
1.0,0.0,0.0,0.0,0.0,0.0,0.0,0.0,img_01328.jpg
1.0,0.0,0.0,0.0,0.0,0.0,0.0,0.0,img_01495.jpg
1.0,0.0,0.0,0.0,0.0,0.0,0.0,0.0,img_04872.jpg
0.0,0.0,0.0,0.0,1.0,0.0,0.0,0.0,img_02135.jpg
1.0,0.0,0.0,0.0,0.0,0.0,0.0,0.0,img_07375.jpg
0.0,0.0,0.0,0.0,0.0,0.0,1.0,0.0,img_03229.jpg
1.0,0.0,0.0,1.897852821007464e-32,4.971770336583664e-28,0.0,0.0,0.0,img_00538.jpg
0.0,1.0,0.0,0.0,0.0,0.0,0.0,0.0,img_05864.jpg
9.235805474252496e-29,0.0,0.0,0.0,0.0,0.0,0.0,1.0,img_07526.jpg
1.0,0.0,0.0,0.0,0.0,0.0,0.0,0.0,img_05735.jpg
1.0,9.773292376541778e-34,2.0703191289787966e-38,5.425487123254163e-32,2.1620553517277474e-33,3.386561270830364e-36,0.0,0.0,img_06211.jpg
0.0,0.0,0.0,0.0,1.0,0.0,0.0,0.0,img_07270.jpg
0.0,0.0,0.0,0.0,0.0,0.0,0.0,1.0,img_05076.jpg
0.0,0.0,0.0,0.0,0.0,0.0,0.0,1.0,img_01224.jpg
1.0,0.0,0.0,0.0,1.0115738676520273e-33,0.0,0.0,0.0,img_00046.jpg
1.801150240917272e-21,0.0,0.0,1.617019183842162e-35,1.0,0.0,0.0,0.0,img_01373.jpg
1.0,0.0,0.0,0.0,0.0,0.0,0.0,0.0,img_02638.jpg
1.0,0.0,0.0,0.0,5.975974413325018e-21,0.0,0.0,6.79224246291632e-11,img_07700.jpg
1.0,0.0,0.0,0.0,0.0,0.0,0.0,0.0,img_06902.jpg
0.0,0.0,0.0,0.0,0.0,0.0,0.0,1.0,img_00964.jpg
1.0,0.0,7.028789859557157e-33,0.0,1.0045620359572594e-36,0.0,0.0,4.750789095453456e-09,img_07746.jpg
1.0,0.0,0.0,0.0,0.0,0.0,0.0,0.0,img_01874.jpg
1.0,0.0,0.0,0.0,0.0,7.842169796795889e-25,0.0,0.0,img_00171.jpg
1.0,0.0,0.0,0.0,0.0,0.0,0.0,0.0,img_06346.jpg
9.108438347968019e-31,8.70900744545646e-27,4.995105139829125e-32,7.62286332975101e-35,0.0,0.0,1.0,0.0,img_07436.jpg
1.0,0.0,0.0,0.0,0.0,0.0,0.0,0.0,img_00109.jpg
1.0,3.9491808105947435e-38,1.2327806445594212e-34,2.369987618327768e-37,7.3446393141513515e-34,0.0,0.0,7.787313037926755e-34,img_05953.jpg
1.0,0.0,0.0,0.0,0.0,0.0,0.0,0.0,img_03439.jpg
1.0,0.0,0.0,0.0,0.0,0.0,0.0,0.0,img_00311.jpg
1.0,2.64584925188454e-37,1.0208220665872624e-35,1.4379714486901057e-34,3.5850394311158613e-34,3.294214115858237e-18,2.240557638553362e-37,3.2934786282973647e-22,img_06318.jpg
0.0,0.0,0.0,0.0,1.0,0.0,0.0,0.0,img_00676.jpg
0.0,0.0,0.0,0.0,0.0,0.0,0.0,1.0,img_03440.jpg
1.0,0.0,0.0,0.0,0.0,0.0,0.0,0.0,img_06832.jpg
1.0,0.0,1.4686646167478754e-30,2.483871679931563e-34,1.4776434187576483e-32,1.0488581114742601e-09,0.0,0.0,img_01519.jpg
0.3491407632827759,0.0,0.0,0.0,0.0,0.0,0.0,0.6508591771125793,img_05768.jpg
1.0,0.0,0.0,0.0,0.0,0.0,0.0,0.0,img_00103.jpg
1.0,0.0,0.0,0.0,0.0,0.0,0.0,0.0,img_00053.jpg
0.0,0.0,0.0,0.0,1.0,0.0,0.0,0.0,img_06947.jpg
1.0,0.0,0.0,0.0,0.0,0.0,0.0,0.0,img_03750.jpg
1.0,0.0,0.0,0.0,0.0,0.0,0.0,1.2725506734344357e-24,img_07590.jpg
1.0,0.0,0.0,0.0,0.0,0.0,0.0,0.0,img_07428.jpg
1.0,0.0,0.0,0.0,0.0,0.0,0.0,0.0,img_04136.jpg
0.0,0.0,0.0,0.0,0.0,0.0,0.0,1.0,img_06373.jpg
1.0,0.0,0.0,0.0,0.0,0.0,0.0,0.0,img_04879.jpg
0.0,0.0,0.0,0.0,0.0,0.0,0.0,1.0,img_04675.jpg
0.0,0.0,0.0,0.0,1.0,0.0,0.0,0.0,img_03992.jpg
0.0,0.0,0.0,0.0,0.0,0.0,0.0,1.0,img_00914.jpg
1.0,0.0,0.0,0.0,0.0,0.0,0.0,0.0,img_07231.jpg
0.0,0.0,0.0,0.0,0.0,0.0,0.0,1.0,img_05492.jpg
3.6821452137347777e-11,8.557369417488973e-31,4.384589414668825e-30,4.102977689105601e-37,2.3614493471768583e-08,0.0,0.0,1.0,img_01983.jpg
1.0,0.0,0.0,0.0,0.0,0.0,0.0,0.0,img_07005.jpg
1.0,0.0,0.0,0.0,0.0,0.0,0.0,0.0,img_01831.jpg
1.350891389900093e-25,3.078197360172656e-37,1.4770780078556937e-27,1.2051653171031086e-19,1.8382460132861793e-27,1.0,9.086466125111884e-32,0.0,img_04624.jpg
0.9996377229690552,1.5653576251711153e-19,6.638207372027319e-14,0.00036227426608093083,8.56886041072577e-14,3.9068648244319835e-16,2.5173994007130833e-28,1.4275314137357662e-28,img_00244.jpg
2.8865606999049754e-16,0.0,0.0,0.0,1.0,0.0,0.0,0.0,img_00030.jpg
0.0,0.0,0.0,0.0,0.0,0.0,0.0,1.0,img_07314.jpg
0.1801765263080597,0.0,0.0,0.0,0.0,0.0,0.0,0.8198235034942627,img_05520.jpg
0.0,0.0,0.0,0.0,1.0,0.0,0.0,0.0,img_04250.jpg
1.0,0.0,0.0,0.0,0.0,0.0,0.0,0.0,img_05147.jpg
1.0,0.0,0.0,0.0,0.0,0.0,0.0,0.0,img_04370.jpg
1.0,0.0,8.95228462045987e-32,3.011173994509589e-36,5.448615679903202e-31,3.094811394459794e-14,0.0,0.0,img_05268.jpg
1.0,0.0,0.0,0.0,0.0,0.0,0.0,0.0,img_00598.jpg
1.0,0.0,0.0,0.0,0.0,0.0,0.0,0.0,img_06440.jpg
1.0,0.0,0.0,0.0,0.0,0.0,0.0,0.0,img_01222.jpg
1.0,0.0,0.0,0.0,2.0502972557320305e-27,0.0,0.0,4.421819854716347e-11,img_05740.jpg
0.0,0.0,0.0,0.0,1.0,0.0,0.0,0.0,img_01782.jpg
1.0,0.0,0.0,0.0,0.0,0.0,0.0,0.0,img_06496.jpg
1.0,0.0,0.0,0.0,0.0,0.0,0.0,0.0,img_02006.jpg
0.0,0.0,0.0,0.0,1.0,0.0,0.0,0.0,img_05276.jpg
0.0,0.0,0.0,0.0,1.0,0.0,0.0,0.0,img_06059.jpg
1.0,0.0,0.0,0.0,0.0,0.0,0.0,0.0,img_05440.jpg
1.0,0.0,0.0,0.0,0.0,0.0,0.0,0.0,img_06065.jpg
1.0,0.0,0.0,0.0,0.0,0.0,0.0,0.0,img_04520.jpg
1.0,0.0,0.0,0.0,0.0,0.0,0.0,0.0,img_00582.jpg
1.8033831196482934e-15,0.0,0.0,0.0,1.0,0.0,0.0,0.0,img_02159.jpg
1.0,0.0,0.0,0.0,0.0,0.0,0.0,0.0,img_01031.jpg
1.0,0.0,0.0,0.0,0.0,0.0,0.0,0.0,img_03422.jpg
1.0,2.585022592735097e-29,0.0,0.0,0.0,0.0,0.0,1.2509622360887803e-34,img_00982.jpg
1.0011743129546127e-25,2.2724257305688175e-35,1.544212074234588e-36,0.0,0.0,0.0,0.0,1.0,img_06783.jpg
1.0,0.0,0.0,0.0,0.0,0.0,0.0,0.0,img_05950.jpg
8.602969913877183e-37,0.0,0.0,0.0,0.0,0.0,0.0,1.0,img_05817.jpg
1.0,0.0,0.0,0.0,6.776353917086009e-33,1.873811169734065e-32,0.0,0.0,img_04975.jpg
0.0,1.0,0.0,0.0,0.0,0.0,0.0,1.631432609991759e-33,img_07054.jpg
0.0,4.945976406212083e-10,0.0,0.0,0.0,0.0,0.0,1.0,img_05393.jpg
0.0,0.0,0.0,0.0,0.0,0.0,0.0,1.0,img_06748.jpg
1.0,0.0,0.0,0.0,0.0,0.0,0.0,0.0,img_01179.jpg
0.0,0.0,0.0,0.0,0.0,0.0,0.0,1.0,img_06042.jpg
1.0,0.0,0.0,0.0,0.0,0.0,0.0,0.0,img_02733.jpg
1.0,0.0,0.0,0.0,0.0,0.0,0.0,0.0,img_07137.jpg
0.8414402604103088,0.0,8.391817436321847e-35,0.0,0.15855976939201355,0.0,0.0,2.780412972660908e-38,img_02078.jpg
1.0,0.0,0.0,0.0,0.0,0.0,0.0,0.0,img_01847.jpg
1.0,0.0,0.0,0.0,0.0,0.0,0.0,0.0,img_00718.jpg
0.0,0.0,0.0,0.0,0.0,0.0,0.0,1.0,img_03527.jpg
1.0,0.0,0.0,0.0,2.464367732102346e-08,0.0,0.0,0.0,img_06860.jpg
1.0,0.0,0.0,0.0,0.0,0.0,0.0,0.0,img_00170.jpg
0.0,0.0,0.0,0.0,0.0,0.0,0.0,1.0,img_07469.jpg
1.0,0.0,0.0,0.0,0.0,0.0,0.0,8.378996143113276e-31,img_07110.jpg
0.0,0.0,0.0,0.0,1.0,0.0,0.0,0.0,img_05475.jpg
0.0,0.0,0.0,0.0,0.0,0.0,0.0,1.0,img_00212.jpg
1.0,9.245325005084165e-21,0.0,1.747885116752435e-38,1.4726912079944278e-32,0.0,0.0,2.4364717528623257e-33,img_02573.jpg
0.0,0.0,0.0,0.0,1.0,0.0,0.0,0.0,img_01716.jpg
1.0,0.0,0.0,0.0,0.0,0.0,0.0,0.0,img_01673.jpg
1.0,0.0,0.0,0.0,0.0,0.0,0.0,0.0,img_04554.jpg
1.0,0.0,0.0,0.0,0.0,0.0,0.0,0.0,img_03199.jpg
1.0,0.0,2.622467485678846e-29,5.0376196113572995e-34,6.344875932115623e-32,2.1263285623425803e-18,0.0,4.401348435946761e-37,img_04640.jpg
1.0,0.0,0.0,0.0,0.0,0.0,0.0,0.0,img_00664.jpg
0.0,0.0,0.0,0.0,1.0,0.0,0.0,0.0,img_01325.jpg
0.0,0.0,0.0,0.0,0.0,0.0,0.0,1.0,img_05264.jpg
1.0,0.0,0.0,0.0,0.0,0.0,0.0,0.0,img_04603.jpg
2.8246960326328008e-11,0.0,0.0,0.0,2.734682718316439e-38,0.0,0.0,1.0,img_02235.jpg
0.0,1.2400125370959358e-09,5.1550075382155585e-23,5.4124901344946175e-15,0.0,1.0162759167604719e-28,4.4491652029243767e-10,1.0,img_05192.jpg
0.0,0.0,0.0,0.0,0.0,0.0,0.0,1.0,img_02759.jpg
1.0,0.0,0.0,0.0,0.0,8.112071092538723e-30,0.0,0.0,img_02001.jpg
1.0,0.0,0.0,0.0,0.0,0.0,0.0,5.0414926627647896e-23,img_04427.jpg
1.0,0.0,0.0,0.0,0.0,0.0,0.0,0.0,img_07122.jpg
1.0,0.0,0.0,0.0,0.0,0.0,0.0,0.0,img_05488.jpg
1.0,0.0,0.0,0.0,0.0,0.0,0.0,0.0,img_00125.jpg
0.0,0.0,0.0,0.0,0.0,0.0,0.0,1.0,img_06038.jpg
1.0,0.0,2.5820150951404957e-30,1.6012756255130884e-26,1.1384965792152519e-20,1.4232757293152105e-14,1.7766703095469024e-38,0.0,img_04532.jpg
1.0,0.0,0.0,0.0,0.0,0.0,0.0,0.0,img_06547.jpg
0.0,0.0,0.0,0.0,0.0,0.0,0.0,1.0,img_04382.jpg
0.0,0.0,0.0,0.0,1.0,0.0,0.0,0.0,img_01595.jpg
1.0,0.0,0.0,0.0,0.0,0.0,0.0,2.4239564114459146e-33,img_04221.jpg
1.0,0.0,0.0,2.8854119107950284e-26,0.0,0.0,0.0,0.0,img_00642.jpg
1.0,0.0,0.0,0.0,0.0,0.0,0.0,0.0,img_03223.jpg
1.0,0.0,0.0,0.0,0.0,0.0,0.0,0.0,img_03228.jpg
1.0,0.0,0.0,0.0,1.371240813270662e-22,0.0,0.0,0.0,img_05857.jpg
0.0,0.0,0.0,0.0,0.0,0.0,0.0,1.0,img_04990.jpg
1.0,0.0,0.0,0.0,0.0,0.0,0.0,0.0,img_03312.jpg
0.00036579809966497123,0.0,7.934833496580162e-38,0.0,1.8068885655005053e-15,0.0,0.0,0.9996341466903687,img_02540.jpg
0.010341105982661247,0.0,0.0,0.0,0.0,0.0,2.5836137531312766e-36,0.9896588921546936,img_01616.jpg
2.1422649154470315e-30,0.0,0.0,0.0,0.0,0.0,0.0,1.0,img_05038.jpg
0.0,0.0,0.0,0.0,0.0,0.0,0.0,1.0,img_00442.jpg
1.0,0.0,0.0,0.0,0.0,0.0,0.0,0.0,img_01116.jpg
1.0,0.0,0.0,0.0,0.0,0.0,0.0,0.0,img_05558.jpg
1.0,0.0,0.0,0.0,0.0,0.0,0.0,4.930355757394623e-19,img_06522.jpg
0.0,0.0,0.0,0.0,1.0,0.0,0.0,0.0,img_06349.jpg
0.9999668598175049,3.31788687617518e-05,1.8062673745384117e-33,2.0648254964962318e-22,0.0,0.0,0.0,4.267269718202521e-31,img_03444.jpg
1.0,0.0,0.0,3.1626141715052227e-35,0.0,0.0,0.0,0.0,img_04752.jpg
1.0,0.0,0.0,0.0,0.0,0.0,0.0,3.3049113212977367e-34,img_03069.jpg
0.0,0.0,0.0,0.0,0.0,0.0,0.0,1.0,img_02648.jpg
0.9993515610694885,0.0,0.0,0.0,0.0006484489422291517,0.0,0.0,0.0,img_06807.jpg
4.3619276836034155e-18,0.0,0.0,0.0,0.0,0.0,0.0,1.0,img_04321.jpg
0.9159882068634033,0.0,1.993512862652196e-35,0.0,1.099216691743424e-16,0.0,0.0,0.08401184529066086,img_06368.jpg
1.0,0.0,0.0,0.0,0.0,0.0,0.0,0.0,img_04830.jpg
1.0,0.0,0.0,0.0,0.0,0.0,0.0,0.0,img_03426.jpg
1.0,0.0,0.0,0.0,0.0,0.0,0.0,0.0,img_04044.jpg
1.0,0.0,0.0,0.0,0.0,0.0,0.0,0.0,img_05755.jpg
0.0,0.0,0.0,0.0,0.0,0.0,0.0,1.0,img_00128.jpg
1.0,3.491838972499037e-35,0.0,0.0,0.0,0.0,0.0,4.442960984667382e-31,img_05236.jpg
1.0,0.0,0.0,0.0,0.0,0.0,0.0,0.0,img_04410.jpg
1.349697775765435e-08,0.0,0.0,0.0,1.5012404720989273e-38,0.0,0.0,1.0,img_01773.jpg
1.0,0.0,0.0,0.0,0.0,0.0,0.0,0.0,img_05563.jpg
1.0,0.0,0.0,0.0,0.0,0.0,0.0,0.0,img_07508.jpg
1.5128843318752863e-35,0.0,0.0,7.93439731958637e-33,0.0,0.0,1.0,0.0,img_03239.jpg
0.0,0.0,0.0,0.0,1.0,0.0,0.0,0.0,img_07628.jpg
1.0,0.0,0.0,0.0,0.0,0.0,0.0,0.0,img_01405.jpg
1.0,0.0,0.0,0.0,0.0,1.6461524255263066e-13,0.0,0.0,img_02890.jpg
1.0,0.0,0.0,0.0,0.0,0.0,0.0,0.0,img_06294.jpg
1.0,0.0,0.0,0.0,0.0,0.0,0.0,0.0,img_05459.jpg
2.6117475499631837e-05,3.6540933581914736e-13,3.8192911944179286e-08,0.9766768217086792,2.3668687276767741e-07,0.023296667262911797,3.899063481932734e-20,7.895986442463254e-08,img_04835.jpg
1.0,0.0,0.0,0.0,0.0,0.0,0.0,7.665228335565356e-36,img_07460.jpg
1.0,0.0,0.0,0.0,0.0,0.0,0.0,0.0,img_05916.jpg
1.0,0.0,0.0,0.0,0.0,0.0,0.0,0.0,img_05792.jpg
0.0,0.0,0.0,0.0,1.0,0.0,0.0,0.0,img_02679.jpg
2.825290294388048e-25,0.0,0.0,0.0,0.0,0.0,0.0,1.0,img_00591.jpg
1.0,0.0,0.0,0.0,0.0,0.0,0.0,0.0,img_03760.jpg
1.0,0.0,1.479975298623126e-29,3.1229216073276667e-34,1.6487741809153297e-27,9.011789578461382e-12,0.0,5.816951136750458e-23,img_00921.jpg
0.0,0.0,0.0,0.0,1.0,0.0,0.0,0.0,img_02083.jpg
0.0,0.0,0.0,0.0,1.0,0.0,0.0,0.0,img_06508.jpg
1.0,0.0,0.0,0.0,0.0,0.0,0.0,0.0,img_03563.jpg
0.0,4.8384382031517806e-14,0.0,0.0,0.0,0.0,0.0,1.0,img_07051.jpg
1.0,0.0,0.0,0.0,0.0,0.0,0.0,0.0,img_07278.jpg
0.8213599920272827,0.0,0.0,0.0,0.0,0.0,0.0,0.1786399781703949,img_05078.jpg
1.0,0.0,0.0,0.0,0.0,0.0,0.0,7.891837183748862e-10,img_00292.jpg
1.0,0.0,0.0,0.0,0.0,7.311350048820034e-33,0.0,0.0,img_05433.jpg
0.0,1.0838199891931108e-19,9.410248745636558e-28,2.34197319315399e-08,0.0,1.0,0.0,1.9878743492460057e-21,img_06808.jpg
0.0,0.0,0.0,0.0,1.0,0.0,0.0,0.0,img_07872.jpg
1.0,0.0,3.5497050903579605e-38,0.0,1.4506655249409143e-34,1.2054880704770454e-10,0.0,0.0,img_06698.jpg
1.0,0.0,0.0,0.0,1.7441902931311865e-21,0.0,0.0,0.0,img_05322.jpg
1.0,0.0,0.0,0.0,0.0,0.0,0.0,0.0,img_03310.jpg
1.0,0.0,0.0,0.0,0.0,0.0,0.0,0.0,img_01404.jpg
0.0,0.0,0.0,0.0,1.0,0.0,0.0,0.0,img_01090.jpg
1.0,0.0,0.0,0.0,0.0,0.0,0.0,0.0,img_04341.jpg
1.0,0.0,0.0,0.0,0.0,0.0,0.0,0.0,img_00837.jpg
0.0,0.0,0.0,0.0,0.0,0.0,0.0,1.0,img_05958.jpg
1.0,0.0,0.0,0.0,0.0,0.0,0.0,0.0,img_07908.jpg
0.0,0.0,0.0,0.0,1.0,0.0,0.0,0.0,img_01171.jpg
1.0,0.0,0.0,0.0,0.0,0.0,0.0,0.0,img_06798.jpg
1.0,0.0,0.0,0.0,0.0,0.0,0.0,0.0,img_04870.jpg
1.0,0.0,0.0,0.0,0.0,0.0,0.0,0.0,img_00648.jpg
1.0,0.0,0.0,0.0,0.0,0.0,0.0,9.306438711011086e-35,img_06955.jpg
0.0,0.0,0.0,0.0,0.0,0.0,0.0,1.0,img_01955.jpg
0.0,0.0,0.0,0.0,1.0,0.0,0.0,0.0,img_05196.jpg
0.0,0.0,0.0,0.0,1.0,0.0,0.0,0.0,img_05454.jpg
0.0,0.0,0.0,0.0,0.0,0.0,0.0,1.0,img_00772.jpg
1.0,3.282152507947883e-30,1.8364238909657946e-27,3.1213998354811687e-25,2.816309927168991e-29,0.0,8.441685727040369e-31,6.562010564493368e-17,img_01593.jpg
2.6360657783701943e-38,1.0,5.890198178813327e-28,8.68068163820639e-27,0.0,0.0,7.428165141328907e-24,2.7032739734300866e-25,img_06371.jpg
0.0,0.0,0.0,0.0,1.0,0.0,0.0,0.0,img_07224.jpg
1.0,0.0,0.0,0.0,0.0,0.0,0.0,0.0,img_04183.jpg
1.0,0.0,0.0,0.0,0.0,0.0,0.0,0.0,img_03628.jpg
3.813494409143914e-09,0.0,0.0,0.0,0.0,0.0,0.0,1.0,img_01562.jpg
1.9798060381815887e-37,0.0,0.0,0.0,0.0,0.0,0.0,1.0,img_02956.jpg
1.0,0.0,0.0,0.0,0.0,0.0,0.0,0.0,img_03128.jpg
1.0,0.0,0.0,0.0,0.0,0.0,0.0,0.0,img_01543.jpg
1.0940492481346909e-15,0.0,0.0,0.0,3.0116783672135087e-29,0.0,0.0,1.0,img_03270.jpg
0.0,0.0,0.0,0.0,0.0,0.0,0.0,1.0,img_07084.jpg
1.0,0.0,0.0,0.0,0.0,0.0,0.0,0.0,img_05673.jpg
1.0,0.0,0.0,0.0,0.0,0.0,0.0,0.0,img_02074.jpg
1.0,0.0,0.0,0.0,0.0,0.0,0.0,0.0,img_00999.jpg
1.0,4.941832056233772e-38,0.0,0.0,0.0,0.0,0.0,4.917705631184825e-30,img_06780.jpg
1.0,0.0,0.0,0.0,0.0,0.0,0.0,0.0,img_02522.jpg
1.0,0.0,0.0,0.0,0.0,0.0,0.0,0.0,img_01618.jpg
2.7702555960990027e-12,2.7105345505941277e-24,2.4009699513825245e-24,6.335137709518802e-22,2.116947248521675e-19,5.631814499648346e-30,1.431543109469879e-38,1.0,img_03726.jpg
1.0,0.0,0.0,0.0,0.0,0.0,0.0,0.0,img_02904.jpg
1.0,0.0,0.0,0.0,0.0,3.2176760372815914e-22,0.0,0.0,img_05241.jpg
1.0,0.0,0.0,0.0,0.0,0.0,0.0,0.0,img_05682.jpg
1.0,0.0,0.0,0.0,0.0,0.0,0.0,0.0,img_07910.jpg
1.0,0.0,0.0,0.0,0.0,0.0,0.0,0.0,img_02949.jpg
1.0,0.0,0.0,0.0,0.0,1.2050019129751145e-38,0.0,7.0206129188147455e-34,img_00716.jpg
1.0,0.0,0.0,0.0,0.0,0.0,0.0,0.0,img_00376.jpg
0.0,0.0,0.0,0.0,0.0,0.0,0.0,1.0,img_02964.jpg
1.0,0.0,0.0,0.0,0.0,0.0,0.0,7.422372415795012e-20,img_02172.jpg
0.0,0.0,0.0,0.0,0.0,0.0,0.0,1.0,img_04562.jpg
1.0,0.0,0.0,0.0,0.0,0.0,0.0,0.0,img_05064.jpg
1.0,0.0,0.0,0.0,0.0,0.0,0.0,0.0,img_01177.jpg
1.0,0.0,0.0,0.0,0.0,0.0,0.0,0.0,img_04408.jpg
0.0012970039388164878,0.0,0.0,0.0,0.0,0.0,0.0,0.9987030029296875,img_05963.jpg
1.0,0.0,0.0,0.0,0.0,0.0,0.0,0.0,img_03805.jpg
0.0,0.0,0.0,0.0,0.0,0.0,0.0,1.0,img_01399.jpg
2.481197018677772e-11,1.3751936059401071e-25,6.257061833164846e-28,3.4017498385067586e-28,7.273890560871844e-37,6.818107035616835e-31,1.0213073695282498e-23,1.0,img_05030.jpg
4.421800722402975e-27,0.0,0.0,0.0,0.0,0.0,0.0,1.0,img_02556.jpg
1.0,0.0,0.0,0.0,0.0,0.0,0.0,0.0,img_02291.jpg
1.0,0.0,0.0,0.0,0.0,0.0,0.0,0.0,img_04037.jpg
1.0,0.0,0.0,0.0,1.759808556107561e-29,0.0,0.0,0.0,img_06734.jpg
1.0,0.0,0.0,0.0,0.0,0.0,0.0,6.910021285304557e-36,img_03457.jpg
1.0,0.0,0.0,0.0,0.0,0.0,0.0,0.0,img_05438.jpg
1.0,0.0,0.0,0.0,0.0,0.0,0.0,1.955752132710417e-18,img_01058.jpg
1.0,0.0,0.0,0.0,0.0,0.0,0.0,0.0,img_00966.jpg
1.0,0.0,0.0,0.0,0.0,0.0,0.0,0.0,img_05445.jpg
1.0,0.0,0.0,0.0,0.0,0.0,0.0,0.0,img_07409.jpg
1.0,0.0,0.0,0.0,0.0,8.94389182906749e-16,0.0,0.0,img_00175.jpg
1.0,0.0,0.0,0.0,0.0,0.0,0.0,1.1436191828101066e-36,img_05273.jpg
0.9989988207817078,0.0,0.0,0.0,0.0,0.0,0.0,0.0010011985432356596,img_06412.jpg
4.180040584748803e-37,0.0,0.0,0.0,5.000051747479136e-36,0.0,0.0,1.0,img_02356.jpg
1.0,0.0,0.0,0.0,0.0,0.0,0.0,0.0,img_02838.jpg
1.0,0.0,0.0,0.0,0.0,0.0,0.0,0.0,img_06332.jpg
5.755840003457063e-20,0.0,0.0,0.0,1.0,0.0,0.0,0.0,img_06800.jpg
0.0,0.0,0.0,0.0,1.0,0.0,0.0,0.0,img_00487.jpg
0.0,0.0,0.0,0.0,1.0,0.0,0.0,0.0,img_07859.jpg
1.0,0.0,0.0,0.0,0.0,0.0,0.0,0.0,img_07563.jpg
0.0,0.0,0.0,0.0,0.0,0.0,0.0,1.0,img_03946.jpg
1.0,0.0,0.0,0.0,0.0,0.0,0.0,0.0,img_05095.jpg
0.0,0.0,0.0,0.0,0.0,0.0,0.0,1.0,img_06345.jpg
0.0,0.0,0.0,0.0,1.0,0.0,0.0,0.0,img_03087.jpg
1.0,0.0,0.0,0.0,0.0,0.0,0.0,0.0,img_06174.jpg
1.0,0.0,0.0,0.0,0.0,0.0,0.0,0.0,img_04647.jpg
7.712727003012119e-33,0.0,8.354557766629072e-36,2.7527353488099943e-32,5.3031237462354936e-24,1.4911120011447423e-35,0.0,1.0,img_04247.jpg
1.0,0.0,0.0,0.0,0.0,0.0,0.0,0.0,img_07514.jpg
1.0,0.0,0.0,0.0,0.0,0.0,0.0,3.131582612970327e-34,img_01862.jpg
4.3726591344232337e-32,1.1637558091593983e-24,7.374043923301507e-31,1.9797280596573502e-32,0.0,0.0,1.0,0.0,img_00040.jpg
1.0,0.0,0.0,0.0,0.0,0.0,0.0,0.0,img_03602.jpg
1.0,0.0,0.0,0.0,0.0,0.0,0.0,0.0,img_00289.jpg
0.0,0.0,0.0,0.0,0.0,0.0,0.0,1.0,img_05471.jpg
1.0,0.0,0.0,0.0,3.7241358645482465e-37,0.0,0.0,0.0,img_05623.jpg
1.0,0.0,0.0,0.0,0.0,0.0,0.0,0.0,img_07905.jpg
0.0,1.0,0.0,0.0,0.0,0.0,0.0,0.0,img_03452.jpg
1.0,0.0,0.0,0.0,0.0,0.0,0.0,0.0,img_00773.jpg
1.0,0.0,0.0,0.0,0.0,0.0,0.0,0.0,img_01511.jpg
1.0,0.0,0.0,0.0,0.0,0.0,0.0,0.0,img_06608.jpg
8.597526038539929e-14,0.0,0.0,0.0,0.0,0.0,0.0,1.0,img_03135.jpg
1.0,0.0,0.0,0.0,0.0,0.0,0.0,0.0,img_02309.jpg
1.0,2.486190461637719e-37,0.0,0.0,0.0,0.0,0.0,3.8475360105078475e-19,img_02422.jpg
1.0,4.887552990327052e-32,0.0,8.873418899614169e-14,0.0,0.0,0.0,0.0,img_06663.jpg
1.0,0.0,0.0,0.0,0.0,0.0,0.0,0.0,img_00383.jpg
0.9999970197677612,2.1162216944092815e-12,3.687977490925571e-21,1.685795114614308e-10,2.370527989149134e-33,3.01737986774242e-06,4.666889778537868e-32,6.320305809568126e-27,img_03764.jpg
0.0,1.7958622980293411e-34,0.0,0.0,0.0,0.0,0.0,1.0,img_07663.jpg
1.0,0.0,0.0,0.0,0.0,0.0,0.0,0.0,img_00272.jpg
1.0,0.0,0.0,0.0,0.0,0.0,0.0,0.0,img_01802.jpg
3.7876052682564805e-37,0.0,0.0,0.0,1.0,0.0,0.0,0.0,img_02563.jpg
0.0,0.0,0.0,0.0,0.0,0.0,0.0,1.0,img_01657.jpg
0.0,0.0,0.0,0.0,1.0,0.0,0.0,0.0,img_07434.jpg
1.0,0.0,0.0,0.0,0.0,0.0,0.0,0.0,img_04766.jpg
0.0,0.0,0.0,0.0,0.0,0.0,0.0,1.0,img_01689.jpg
1.0,0.0,0.0,0.0,0.0,0.0,0.0,0.0,img_04696.jpg
1.0,7.309403304844864e-09,1.3179443134403174e-23,5.110970491273292e-08,1.6631401007372516e-33,1.854315724961724e-37,6.871740658697682e-38,0.0,img_00484.jpg
1.0,0.0,0.0,0.0,0.0,0.0,0.0,0.0,img_00729.jpg
1.0,0.0,0.0,0.0,0.0,0.0,0.0,0.0,img_03847.jpg
1.0,2.4673214172962e-38,1.3183365505623163e-38,4.929292677055607e-38,1.6802336447037876e-29,0.0,0.0,2.1568935907342966e-15,img_06521.jpg
0.0,0.0,0.0,0.0,0.0,0.0,0.0,1.0,img_05719.jpg
0.0,0.0,0.0,0.0,0.0,0.0,0.0,1.0,img_07173.jpg
1.0,0.0,0.0,0.0,0.0,0.0,0.0,0.0,img_00599.jpg
0.0,0.0,0.0,0.0,1.0,0.0,0.0,0.0,img_01204.jpg
1.0,0.0,0.0,0.0,0.0,0.0,0.0,0.0,img_02188.jpg
0.0,0.0,0.0,0.0,0.0,0.0,0.0,1.0,img_01834.jpg
1.0,0.0,0.0,0.0,0.0,0.0,0.0,0.0,img_02920.jpg
1.0,0.0,0.0,0.0,0.0,0.0,0.0,0.0,img_00798.jpg
1.0,0.0,0.0,0.0,0.0,0.0,0.0,0.0,img_02406.jpg
1.0,0.0,0.0,0.0,0.0,0.0,0.0,0.0,img_00816.jpg
1.0,0.0,0.0,0.0,0.0,0.0,0.0,0.0,img_02666.jpg
1.0,0.0,0.0,0.0,0.0,0.0,0.0,0.0,img_07474.jpg
1.0,0.0,0.0,0.0,0.0,0.0,0.0,0.0,img_03181.jpg
1.0,0.0,0.0,0.0,0.0,0.0,0.0,0.0,img_03825.jpg
1.0,0.0,0.0,0.0,0.0,0.0,0.0,0.0,img_03399.jpg
0.9999920129776001,2.9034864748944047e-33,1.5665640508650128e-26,2.1921019166537548e-10,1.947832319369045e-30,8.034497113840189e-06,0.0,0.0,img_05813.jpg
1.0,0.0,0.0,0.0,0.0,0.0,0.0,0.0,img_06424.jpg
1.0,0.0,0.0,0.0,0.0,0.0,0.0,0.0,img_02622.jpg
1.0,0.0,0.0,0.0,0.0,0.0,0.0,0.0,img_00280.jpg
1.0,0.0,0.0,0.0,0.0,0.0,0.0,0.0,img_03801.jpg
4.241798063039687e-17,0.0,0.0,0.0,1.0,0.0,0.0,0.0,img_06662.jpg
1.0,0.0,0.0,0.0,5.678175319760031e-29,0.0,0.0,0.0,img_01649.jpg
1.0,0.0,0.0,0.0,0.0,0.0,0.0,0.0,img_04015.jpg
1.0,0.0,0.0,0.0,0.0,0.0,0.0,0.0,img_07689.jpg
0.0,0.0,0.0,0.0,1.0,0.0,0.0,0.0,img_04419.jpg
1.0,0.0,0.0,0.0,0.0,0.0,0.0,0.0,img_03074.jpg
1.0,0.0,0.0,0.0,0.0,0.0,0.0,0.0,img_01134.jpg
1.0,1.3332835174476186e-35,2.6062233652994486e-35,1.0307297534395636e-35,8.482572028690059e-34,0.0,0.0,3.705927979855833e-13,img_07580.jpg
1.0,0.0,0.0,0.0,0.0,0.0,0.0,0.0,img_03652.jpg
7.691497438955253e-11,5.173851880336092e-19,4.2801765964841872e-16,6.3459792976061635e-09,1.0,2.2097378397944e-29,0.0,1.821627595954805e-32,img_06186.jpg
7.020551762114023e-36,1.6995524899894952e-30,3.8842730434724424e-33,6.411920620904701e-36,0.0,0.0,1.0,0.0,img_06851.jpg
1.0,0.0,0.0,0.0,0.0,0.0,0.0,0.0,img_04586.jpg
0.0,0.0,0.0,0.0,0.0,0.0,0.0,1.0,img_00152.jpg
0.0,0.0,0.0,0.0,0.0,0.0,0.0,1.0,img_07594.jpg
1.0,0.0,0.0,0.0,0.0,0.0,0.0,0.0,img_03488.jpg
1.0,0.0,0.0,0.0,0.0,0.0,0.0,0.0,img_03945.jpg
1.0,0.0,0.0,0.0,0.0,0.0,0.0,0.0,img_03078.jpg
0.0,0.0,0.0,0.0,0.0,0.0,0.0,1.0,img_02876.jpg
1.0,0.0,0.0,0.0,0.0,0.0,0.0,0.0,img_06756.jpg
1.0,0.0,0.0,0.0,0.0,0.0,0.0,0.0,img_05927.jpg
1.0,0.0,0.0,0.0,0.0,0.0,0.0,0.0,img_05119.jpg
0.0,0.0,0.0,0.0,0.0,0.0,0.0,1.0,img_06101.jpg
1.0,0.0,0.0,0.0,0.0,0.0,0.0,0.0,img_04856.jpg
1.0,0.0,0.0,0.0,0.0,0.0,0.0,1.7123417857716394e-28,img_05026.jpg
1.0,0.0,0.0,0.0,0.0,8.347598368952796e-17,0.0,0.0,img_05743.jpg
1.0,0.0,0.0,0.0,0.0,0.0,0.0,0.0,img_04101.jpg
0.0,0.0,0.0,0.0,0.0,0.0,0.0,1.0,img_05692.jpg
1.0,0.0,0.0,0.0,0.0,0.0,0.0,0.0,img_07621.jpg
1.0,0.0,0.0,0.0,0.0,0.0,0.0,0.0,img_00331.jpg
5.3760472414517986e-30,0.0,0.0,0.0,1.0,0.0,0.0,0.0,img_02789.jpg
1.0,0.0,0.0,8.762977347181928e-38,2.1222421214479583e-35,0.0,0.0,0.0,img_00446.jpg
1.0,0.0,0.0,0.0,8.517993604671779e-16,0.0,0.0,0.0,img_07149.jpg
1.0,0.0,0.0,0.0,0.0,0.0,0.0,0.0,img_07833.jpg
1.0,1.3670051035787201e-37,0.0,7.958962174577678e-38,2.4684135893192946e-38,0.0,0.0,1.489481795147698e-18,img_07065.jpg
8.860166413318732e-35,0.0,0.0,0.0,0.0,0.0,0.0,1.0,img_07893.jpg
8.306777488087391e-10,4.386146402643562e-22,3.6203657373520165e-23,3.1506649072095364e-30,1.0,0.0,0.0,7.267430546242792e-10,img_02726.jpg
1.0,0.0,0.0,0.0,0.0,0.0,0.0,0.0,img_03941.jpg
0.0,0.0,0.0,0.0,0.0,0.0,0.0,1.0,img_07578.jpg
1.0,0.0,0.0,0.0,0.0,0.0,0.0,0.0,img_04563.jpg
1.0,0.0,0.0,7.32549296203626e-36,2.3763822324060665e-27,0.0,0.0,1.8447195146509462e-23,img_00855.jpg
1.0,0.0,0.0,0.0,0.0,0.0,0.0,4.5637569661441573e-38,img_02486.jpg
1.0,0.0,0.0,0.0,0.0,0.0,0.0,0.0,img_07023.jpg
0.0001490640133852139,3.5039819783757123e-34,4.283805651142318e-29,5.8507281096736686e-24,1.710868909468847e-24,0.0,2.322251724727668e-36,0.999850869178772,img_04073.jpg
1.0,9.366691477814975e-37,2.92967458344418e-35,0.0,5.935357480445816e-27,0.0,0.0,4.551287140132512e-25,img_05754.jpg
0.0,0.0,0.0,0.0,1.0,0.0,0.0,0.0,img_00667.jpg
0.0,0.0,0.0,0.0,0.0,0.0,0.0,1.0,img_03995.jpg
9.288967949180864e-32,1.6303539850741026e-28,1.0003026485150573e-20,1.0,1.2142558816983924e-27,5.67887715270589e-26,7.362183910823654e-38,1.6857864063024586e-11,img_02911.jpg
1.0,0.0,0.0,0.0,0.0,0.0,0.0,0.0,img_04115.jpg
1.0,0.0,0.0,0.0,0.0,0.0,0.0,5.958828752566877e-30,img_03342.jpg
1.0,5.4469767586595116e-30,1.0982708922934904e-33,9.963390270139155e-27,2.094494555357298e-28,2.050684695416063e-38,0.0,0.0,img_04425.jpg
1.0508939056577248e-29,9.275483763369001e-38,3.6401144238184785e-30,1.0,4.058942963303492e-34,0.0,0.0,0.0,img_07420.jpg
1.0,0.0,0.0,0.0,0.0,0.0,0.0,0.0,img_03333.jpg
0.0,0.0,0.0,0.0,0.0,0.0,0.0,1.0,img_05410.jpg
1.0,1.739736717352581e-30,0.0,0.0,0.0,0.0,0.0,3.231532749725652e-11,img_00138.jpg
1.0,0.0,0.0,0.0,0.0,0.0,0.0,2.806263542461565e-20,img_01537.jpg
1.0,0.0,0.0,0.0,0.0,0.0,0.0,0.0,img_02252.jpg
0.0,0.0,0.0,0.0,0.0,0.0,0.0,1.0,img_05721.jpg
1.0,2.105522689129411e-38,0.0,1.0562543197647061e-31,1.39816163354283e-32,2.015042150742158e-33,0.0,0.0,img_01918.jpg
1.0,0.0,0.0,0.0,0.0,0.0,0.0,0.0,img_07103.jpg
1.0,0.0,0.0,0.0,0.0,0.0,0.0,0.0,img_06732.jpg
0.0,0.0,0.0,0.0,0.0,0.0,0.0,1.0,img_06426.jpg
1.7927648698901066e-08,0.0,0.0,0.0,0.0,0.0,0.0,1.0,img_01687.jpg
1.0,1.012506871859306e-28,3.7354565606842947e-32,9.84729841885159e-15,2.010847386523868e-35,0.0,0.0,0.0,img_00760.jpg
1.0,0.0,0.0,0.0,0.0,1.1774395772985246e-36,0.0,0.0,img_07068.jpg
0.0,0.0,0.0,0.0,1.0,0.0,0.0,0.0,img_07043.jpg
6.205628545108323e-26,0.0,0.0,0.0,1.0,0.0,0.0,0.0,img_00493.jpg
0.0,0.0,0.0,0.0,0.0,0.0,0.0,1.0,img_07419.jpg
5.250186551581195e-16,0.0,0.0,0.0,0.0,0.0,0.0,1.0,img_01688.jpg
1.0,0.0,0.0,0.0,0.0,0.0,0.0,0.0,img_05479.jpg
1.4265314348449465e-05,1.105360558654488e-29,2.0570726080632774e-30,1.7758681035047663e-28,4.917181436965166e-24,2.1447763609073502e-16,1.0636384226282665e-31,0.9999856948852539,img_00708.jpg
5.890465160851868e-29,0.0,0.0,0.0,1.0,0.0,0.0,0.0,img_02082.jpg
1.0,0.0,0.0,0.0,0.0,0.0,0.0,1.2864365128706368e-09,img_02209.jpg
1.0,0.0,0.0,0.0,0.0,0.0,0.0,0.0,img_03896.jpg
0.9999998807907104,0.0,0.0,0.0,1.1893701667986534e-07,0.0,0.0,0.0,img_01377.jpg
1.0,0.0,0.0,0.0,0.0,0.0,0.0,0.0,img_00358.jpg
2.447915115055821e-08,0.0,0.0,0.0,0.0,0.0,0.0,1.0,img_02307.jpg
0.0,0.0,0.0,0.0,0.0,0.0,0.0,1.0,img_02282.jpg
0.0,0.0,0.0,0.0,1.0,0.0,0.0,0.0,img_00005.jpg
1.0,0.0,0.0,0.0,0.0,0.0,0.0,0.0,img_04496.jpg
0.0,0.0,0.0,0.0,0.0,0.0,0.0,1.0,img_07906.jpg
1.0,0.0,0.0,0.0,0.0,0.0,0.0,0.0,img_05805.jpg
1.0,0.0,0.0,0.0,0.0,0.0,0.0,2.7329760633396094e-13,img_03749.jpg
1.0,0.0,0.0,0.0,0.0,0.0,0.0,0.0,img_04181.jpg
1.0,0.0,0.0,0.0,0.0,0.0,0.0,0.0,img_05548.jpg
1.0,0.0,0.0,0.0,0.0,0.0,0.0,0.0,img_02871.jpg
0.0,0.0,0.0,0.0,1.0,0.0,0.0,0.0,img_06369.jpg
1.0,0.0,0.0,0.0,0.0,0.0,0.0,1.028757507618181e-28,img_06959.jpg
1.0,0.0,0.0,0.0,0.0,0.0,0.0,0.0,img_02180.jpg
1.0,0.0,0.0,0.0,0.0,0.0,0.0,0.0,img_05085.jpg
1.0,0.0,0.0,0.0,0.0,0.0,0.0,0.0,img_02699.jpg
0.0,0.0,0.0,0.0,0.0,0.0,0.0,1.0,img_00697.jpg
4.063525848934948e-28,0.0,0.0,0.0,1.0,0.0,0.0,0.0,img_06238.jpg
1.0,7.917854440650455e-34,6.090950461977831e-31,3.4249116136857564e-29,6.431888958107591e-35,0.0,1.8165759089821462e-32,8.938891836222364e-28,img_07086.jpg
1.1031210738204794e-32,0.0,0.0,0.0,0.0,0.0,0.0,1.0,img_00120.jpg
0.0,1.7949255394904126e-25,0.0,5.348462562042945e-34,1.0,0.0,0.0,0.0,img_06806.jpg
1.0,0.0,0.0,0.0,0.0,0.0,0.0,0.0,img_03547.jpg
0.0,0.0,0.0,0.0,0.0,0.0,0.0,1.0,img_04204.jpg
0.0,0.0,0.0,0.0,0.0,0.0,0.0,1.0,img_00161.jpg
1.0,2.873137461827855e-30,2.6003246565868506e-35,7.40811059594427e-29,5.210479214786785e-32,0.0,0.0,1.158174091232766e-19,img_06003.jpg
1.0,0.0,0.0,0.0,0.0,0.0,0.0,0.0,img_00777.jpg
1.0,0.0,0.0,0.0,0.0,0.0,0.0,0.0,img_06975.jpg
0.0,0.0,0.0,0.0,1.0,0.0,0.0,0.0,img_06914.jpg
1.0,0.0,0.0,0.0,7.948285811710236e-22,0.0,0.0,0.0,img_00724.jpg
4.763239758176496e-07,0.0,0.0,0.0,1.5710667541866937e-38,0.0,0.0,0.9999995231628418,img_03355.jpg
3.1314891199399126e-25,1.58111868320367e-17,5.428804932549472e-30,5.407681769262936e-30,1.0,0.0,0.0,8.83096554607404e-38,img_01102.jpg
1.0,0.0,0.0,0.0,0.0,0.0,0.0,0.0,img_07237.jpg
0.0,0.0,0.0,0.0,0.0,0.0,0.0,1.0,img_06259.jpg
0.0,0.0,0.0,0.0,1.0,0.0,0.0,0.0,img_04726.jpg
1.0,0.0,0.0,0.0,0.0,0.0,0.0,0.0,img_02268.jpg
1.0,0.0,0.0,0.0,0.0,0.0,0.0,0.0,img_07717.jpg
1.0,0.0,0.0,0.0,0.0,0.0,0.0,0.0,img_07146.jpg
0.0,0.0,0.0,0.0,0.0,0.0,0.0,1.0,img_03584.jpg
1.0,0.0,0.0,0.0,0.0,0.0,0.0,0.0,img_06555.jpg
1.0,0.0,0.0,0.0,0.0,0.0,0.0,0.0,img_00374.jpg
0.0,2.1804456338617732e-38,0.0,0.0,0.0,0.0,0.0,1.0,img_05284.jpg
1.0,0.0,0.0,0.0,0.0,0.0,0.0,0.0,img_03283.jpg
1.0,0.0,0.0,0.0,0.0,0.0,0.0,0.0,img_05896.jpg
1.0,0.0,0.0,2.620788116257699e-36,2.5998611320932087e-18,0.0,0.0,0.0,img_04511.jpg
0.10428082942962646,1.2546874346777703e-12,6.498810317698568e-21,4.811415974103506e-19,0.0,0.0,1.3444073851595753e-16,0.8957191705703735,img_06477.jpg
1.0,0.0,0.0,0.0,0.0,0.0,0.0,0.0,img_04860.jpg
1.0,0.0,0.0,0.0,0.0,0.0,0.0,0.0,img_06103.jpg
1.0,0.0,0.0,0.0,0.0,0.0,0.0,0.0,img_04001.jpg
1.0,0.0,0.0,0.0,0.0,0.0,0.0,0.0,img_05378.jpg
6.184247850778892e-24,0.0,0.0,0.0,0.0,0.0,0.0,1.0,img_05572.jpg
1.0,0.0,0.0,0.0,0.0,0.0,0.0,0.0,img_02702.jpg
0.0,0.0,0.0,0.0,1.0,0.0,0.0,0.0,img_01505.jpg
1.0,0.0,0.0,0.0,0.0,0.0,0.0,0.0,img_05724.jpg
1.0,0.0,0.0,0.0,0.0,0.0,0.0,0.0,img_06525.jpg
1.0,0.0,0.0,0.0,0.0,0.0,0.0,0.0,img_05940.jpg
1.0,0.0,0.0,0.0,0.0,0.0,0.0,0.0,img_05828.jpg
0.0,0.0,0.0,0.0,1.0,0.0,0.0,1.9088376712605992e-10,img_00164.jpg
1.0,0.0,0.0,0.0,0.0,0.0,0.0,0.0,img_05595.jpg
0.0,0.0,0.0,0.0,1.0,0.0,0.0,0.0,img_05731.jpg
0.0,0.0,0.0,0.0,0.0,0.0,0.0,1.0,img_06144.jpg
0.0,0.0,0.0,0.0,1.0,0.0,0.0,0.0,img_04750.jpg
1.0,0.0,0.0,0.0,0.0,3.4801224279574376e-28,0.0,0.0,img_05156.jpg
1.0,0.0,0.0,0.0,0.0,0.0,0.0,0.0,img_02842.jpg
1.0,0.0,0.0,0.0,0.0,0.0,0.0,0.0,img_05612.jpg
1.0,0.0,0.0,0.0,0.0,0.0,0.0,0.0,img_04991.jpg
1.0,0.0,0.0,0.0,0.0,0.0,0.0,0.0,img_03718.jpg
1.0,0.0,0.0,0.0,0.0,0.0,0.0,0.0,img_03942.jpg
1.0,0.0,0.0,0.0,4.815188988710356e-34,0.0,0.0,3.466267550766844e-11,img_02703.jpg
1.0,0.0,0.0,0.0,0.0,0.0,0.0,0.0,img_06311.jpg
1.0,0.0,0.0,0.0,0.0,0.0,0.0,0.0,img_02285.jpg
1.0,0.0,0.0,0.0,0.0,0.0,0.0,0.0,img_01538.jpg
0.0,0.0,0.0,0.0,1.0,0.0,0.0,0.0,img_06585.jpg
1.0,0.0,0.0,0.0,0.0,0.0,0.0,0.0,img_01413.jpg
1.0,0.0,0.0,0.0,0.0,0.0,0.0,0.0,img_06571.jpg
1.0,0.0,0.0,0.0,0.0,0.0,0.0,0.0,img_00726.jpg
0.0,0.0,0.0,0.0,0.0,0.0,0.0,1.0,img_02769.jpg
1.0,0.0,0.0,0.0,0.0,0.0,0.0,0.0,img_05584.jpg
1.0,0.0,0.0,0.0,0.0,0.0,0.0,1.1782951045367536e-18,img_03871.jpg
1.2957515230357032e-29,1.8382476167074936e-33,3.6505879635521816e-36,1.8489256023927294e-38,0.0,0.0,1.0,0.0,img_00302.jpg
1.0,0.0,1.6374320098974094e-31,7.834450361394729e-34,1.7699280098128383e-21,0.0,0.0,0.0,img_05882.jpg
0.1858571320772171,0.0,0.0,0.0,0.8141428828239441,0.0,0.0,0.0,img_01717.jpg
0.0,0.0,0.0,0.0,0.0,0.0,0.0,1.0,img_00417.jpg
1.0,0.0,0.0,0.0,1.476622990548293e-10,0.0,0.0,0.0,img_03923.jpg
1.0,0.0,0.0,0.0,0.0,0.0,0.0,0.0,img_01552.jpg
0.0,0.0,0.0,0.0,0.0,0.0,0.0,1.0,img_06690.jpg
1.0,0.0,0.0,0.0,3.7743649035345224e-37,1.103948918209094e-27,0.0,0.0,img_06616.jpg
0.0,0.0,0.0,0.0,0.0,0.0,0.0,1.0,img_04705.jpg
5.639759183395654e-05,0.0,0.0,0.0,0.9999436140060425,0.0,0.0,0.0,img_01249.jpg
0.0,0.0,0.0,0.0,1.0,0.0,0.0,0.0,img_02076.jpg
1.0,0.0,0.0,0.0,0.0,0.0,0.0,0.0,img_04369.jpg
1.0,0.0,0.0,0.0,0.0,0.0,0.0,0.0,img_06936.jpg
1.0,0.0,0.0,0.0,0.0,0.0,0.0,0.0,img_04002.jpg
1.0,0.0,0.0,0.0,0.0,0.0,0.0,0.0,img_03346.jpg
1.0,5.833095005657973e-34,3.561123230003005e-24,4.2357623742640713e-19,1.5367881551179321e-16,9.246531491868826e-12,2.3189301495112093e-31,0.0,img_01888.jpg
1.0,0.0,0.0,0.0,0.0,0.0,0.0,0.0,img_00380.jpg
1.0,0.0,0.0,0.0,0.0,0.0,0.0,0.0,img_03064.jpg
0.0,0.0,0.0,0.0,1.0,0.0,0.0,0.0,img_03456.jpg
0.0,1.391100862974115e-11,2.589184764324579e-31,6.340920674803355e-28,0.0,3.286200722413019e-29,0.0,1.0,img_03370.jpg
1.0,0.0,0.0,0.0,0.0,0.0,0.0,0.0,img_01571.jpg
1.0,1.2399522865191948e-37,6.587051629542804e-36,0.0,5.342047713046355e-31,0.0,0.0,7.681915361683563e-28,img_04921.jpg
1.0,0.0,0.0,0.0,0.0,0.0,0.0,5.171283197312571e-28,img_06261.jpg
0.0,0.0,0.0,0.0,0.0,0.0,0.0,1.0,img_06285.jpg
1.0,0.0,0.0,0.0,0.0,0.0,0.0,0.0,img_05489.jpg
1.0,0.0,0.0,0.0,0.0,0.0,0.0,0.0,img_03715.jpg
1.0,0.0,0.0,0.0,0.0,0.0,0.0,0.0,img_00717.jpg
1.0,0.0,0.0,0.0,0.0,3.369640720965461e-14,0.0,0.0,img_05539.jpg
1.0,0.0,0.0,0.0,0.0,0.0,0.0,0.0,img_02766.jpg
0.0,0.0,0.0,0.0,1.0,0.0,0.0,0.0,img_01198.jpg
1.0,0.0,0.0,0.0,0.0,0.0,0.0,9.913424633299953e-19,img_00102.jpg
0.0,0.0,0.0,0.0,0.0,0.0,0.0,1.0,img_01392.jpg
1.0,0.0,0.0,0.0,0.0,0.0,0.0,0.0,img_05084.jpg
0.0,0.0,0.0,0.0,0.0,0.0,0.0,1.0,img_04127.jpg
1.0,0.0,0.0,0.0,0.0,0.0,0.0,0.0,img_05879.jpg
1.9906800813612744e-23,0.0,0.0,0.0,1.0,0.0,0.0,0.0,img_06401.jpg
1.0,0.0,0.0,0.0,0.0,0.0,0.0,0.0,img_00948.jpg
1.0,0.0,0.0,0.0,8.867943731899612e-35,0.0,0.0,0.0,img_02607.jpg
1.0,0.0,0.0,0.0,0.0,0.0,0.0,1.4679316160865218e-29,img_04423.jpg
1.0,0.0,0.0,0.0,0.0,0.0,0.0,0.0,img_05074.jpg
1.0,0.0,0.0,0.0,0.0,0.0,0.0,0.0,img_04156.jpg
1.0,0.0,0.0,0.0,0.0,0.0,0.0,0.0,img_02194.jpg
1.0,0.0,0.0,0.0,0.0,0.0,0.0,0.0,img_05015.jpg
1.0,0.0,0.0,0.0,0.0,0.0,0.0,0.0,img_00018.jpg
0.0,0.0,0.0,0.0,0.0,0.0,0.0,1.0,img_00780.jpg
2.7106854087743937e-12,3.454533247304938e-33,0.0,0.0,0.0,0.0,0.0,1.0,img_02416.jpg
2.1481614599261235e-26,0.0,1.686667011131016e-38,1.452478928916431e-38,2.1490778883549508e-35,0.0,0.0,1.0,img_06203.jpg
1.0,0.0,0.0,0.0,0.0,0.0,0.0,0.0,img_05137.jpg
1.0,0.0,0.0,0.0,0.0,0.0,0.0,0.0,img_00858.jpg
0.0,0.0,0.0,0.0,0.0,0.0,1.0,0.0,img_06922.jpg
1.0,2.1806685333548506e-32,3.470360015082333e-31,6.750795219823213e-30,7.735798878860203e-18,0.0,4.4291538408549727e-38,9.255409583002177e-15,img_07319.jpg
1.464178609467126e-07,1.19709210958981e-26,7.301528790227529e-28,1.2186694583147468e-26,1.385789684226649e-24,2.143010360171681e-36,0.0,0.9999998807907104,img_05718.jpg
1.0,0.0,0.0,0.0,0.0,0.0,0.0,0.0,img_03055.jpg
0.0,0.0,0.0,0.0,1.0,0.0,0.0,0.0,img_01043.jpg
1.0,0.0,0.0,0.0,0.0,0.0,0.0,0.0,img_07045.jpg
1.0,0.0,0.0,0.0,0.0,0.0,0.0,0.0,img_04657.jpg
0.9985858201980591,0.0,0.0,0.0,0.0,0.0,0.0,0.0014142211293801665,img_05211.jpg
1.0,0.0,0.0,0.0,2.210059259446525e-28,0.0,0.0,0.0,img_05722.jpg
1.0,1.8009371275470317e-36,1.5179202174028874e-34,1.779210290107883e-27,1.357762978377739e-32,0.0,0.0,7.914089827920634e-09,img_05587.jpg
1.0,0.0,0.0,0.0,0.0,0.0,0.0,0.0,img_06812.jpg
1.2775643260662065e-18,3.782686262961915e-27,7.520778250007307e-30,2.6711811593749555e-23,3.7370612711852854e-35,0.0,4.681897388383213e-33,1.0,img_06642.jpg
0.0,0.0,0.0,0.0,1.0,0.0,0.0,0.0,img_04126.jpg
1.0,0.0,0.0,0.0,0.0,0.0,0.0,0.0,img_06541.jpg
1.0,0.0,0.0,0.0,0.0,0.0,0.0,0.0,img_01168.jpg
1.0,0.0,0.0,0.0,0.0,0.0,0.0,0.0,img_00473.jpg
1.0,0.0,0.0,0.0,0.0,0.0,0.0,0.0,img_03627.jpg
0.0,0.0,0.0,0.0,0.0,0.0,0.0,1.0,img_02318.jpg
0.0,0.0,0.0,0.0,0.0,0.0,0.0,1.0,img_01803.jpg
1.0,0.0,0.0,0.0,0.0,0.0,0.0,0.0,img_04719.jpg
